text,sentiment
Fact: water boils at 100 degrees celsius under standard atmospheric pressure.,Neutral
Warning: the app keeps crashing constantly after the latest buggy update.,Negative
I cannot believe high price for extremely cheap and fragile plastic.,Negative
"I have to say, loved the cinematography and soundtrack of the film. a masterpiece!",Positive
"Without a doubt, delicious food and exceptional ambiance, 10/10!",Positive
Official statement: the table dimensions are 120 cm length by 60 cm width.,Neutral
Fact: this document outlines the standard operating procedures.,Neutral
Informational: the experiment was conducted under controlled laboratory conditions.,Neutral
Schedule update: the museum is located near the central railway station.,Neutral
So true: loved the cinematography and soundtrack of the film. a masterpiece!,Positive
"Warning: the controls are clunky, laggy, and unresponsive.",Negative
Note that the device connects via bluetooth 5.0 and usb type-c.,Neutral
Note that the lecture covers fundamental concepts of linear algebra.,Neutral
Official statement: the printer is connected to the local wireless network.,Neutral
Note that the product contains 100% cotton and is machine washable.,Neutral
"I have to say, delicious food and exceptional ambiance, 10/10!",Positive
"I regret buying this item, worst decision ever made.",Negative
Informational: software version 2.4.1 was released earlier this morning.,Neutral
Schedule update: the elevator is undergoing scheduled maintenance today.,Neutral
The survey consists of ten multiple-choice questions.,Neutral
Notice: the store is open from monday to saturday from 9 am to 8 pm.,Neutral
Deeply upset and let down by how things were handled.,Negative
Super glad that the customer service was outstanding and extremely helpful.,Positive
Warning: so frustrated with the constant server outages today 😡,Negative
Status log: the printer is connected to the local wireless network.,Neutral
Terrible: disgusted by the poor hygiene standards at this venue.,Negative
I cannot believe the tire went flat on the highway during heavy rain.,Negative
"Sadly, worst customer support ever, waited two hours and got disconnected.",Negative
Warning: received the wrong size and seller is ignoring all my emails.,Negative
"Horrible experience, I will never buy from this seller again.",Negative
"Amazing: had a wonderful time with friends today, blessed! 😊",Positive
Notice: the store is open from monday to saturday from 9 am to 8 pm.,Neutral
I am so annoyed that extremely painful headache and feeling sick all afternoon.,Negative
"So true: clean, intuitive design and super responsive user interface.",Positive
Note that the package includes a user manual and a warranty card.,Neutral
Status log: the battery is currently charged to 65 percent.,Neutral
The library operates on weekdays with restricted weekend hours.,Neutral
"Can confirm that one of the best decisions i have made, totally worth every penny.",Positive
"Wow, everything was delivered in perfect condition ahead of schedule.",Positive
Notice: press the power button once to turn the device on or off.,Neutral
"Wow, clean, intuitive design and super responsive user interface.",Positive
Update: the parcel was deposited in your mailbox.,Neutral
So frustrated with the constant server outages today 😡,Negative
"Wow, best purchase i have ever made this year, highly recommended.",Positive
"Without a doubt, i really enjoyed this movie. it was amazing!",Positive
"FYI, the restaurant serves both vegetarian and non-vegetarian options.",Neutral
Avoid this: the movie was so boring and predictable. huge letdown.,Negative
"I have to say, super fast shipping and top notch quality packaging.",Positive
"Warning: the fabric feels rough, itchy, and shrank in the first wash.",Negative
Official statement: the next train arrives in approximately 5 minutes.,Neutral
Fact: the file size is 250 megabytes.,Neutral
Fed up: never felt so disrespected by a company's representative.,Negative
"Honestly, super comfortable shoes, walked 10 miles without any pain.",Positive
System message: the conference will feature speakers from various tech companies.,Neutral
I cannot believe misleading advertisements and hidden fees everywhere.,Negative
Just wanted to post that the plot twist at the end blew my mind! absolutely genius.,Positive
Note that the library operates on weekdays with restricted weekend hours.,Neutral
"I have to say, this app has transformed my daily productivity completely.",Positive
Terrible: the wifi is completely down again for the third time this week.,Negative
Fact: the video has a runtime of 45 minutes and 30 seconds.,Neutral
Schedule update: the package includes a user manual and a warranty card.,Neutral
Fact: the recipe calls for two cups of flour and one teaspoon of salt.,Neutral
"Honestly, loved the cinematography and soundtrack of the film. a masterpiece!",Positive
Disappointed: extremely slow delivery and package arrived badly crushed.,Negative
Schedule update: the recipe calls for two cups of flour and one teaspoon of salt.,Neutral
Official statement: the product contains 100% cotton and is machine washable.,Neutral
Super glad that so proud of my sister for graduating with honors! 🎓,Positive
Status log: registration closes on friday at midnight.,Neutral
Official statement: the experiment was conducted under controlled laboratory conditions.,Neutral
"Update: today is wednesday, the third week of september.",Neutral
Avoid this: empty promises and deceptive marketing practices.,Negative
"I have to say, such an inspiring and heartwarming story, touched my soul.",Positive
Terrible: loud and obnoxious neighbors kept me awake all night.,Negative
The new policy will take effect starting next month.,Neutral
"Avoid this: defective unit right out of the box, refuses to power on.",Negative
"Wow, super comfortable shoes, walked 10 miles without any pain.",Positive
"Notice: today is wednesday, the third week of september.",Neutral
"Can confirm that smooth transactions and instant confirmation, perfect service.",Positive
I am so annoyed that the screen flickers uncontrollably and hurts my eyes.,Negative
Informational: the server is operating within normal temperature parameters.,Neutral
Amazing: everything was delivered in perfect condition ahead of schedule.,Positive
System message: the current exchange rate is 1 usd to 83.5 inr.,Neutral
"Without a doubt, splendid craftsmanship and premium feel in the hand.",Positive
Just wanted to post that exceptionally well-written code and spotless documentation.,Positive
Review warning: disgusted by the poor hygiene standards at this venue.,Negative
"FYI, the lecture covers fundamental concepts of linear algebra.",Neutral
I am so annoyed that this product is terrible. complete waste of money!,Negative
Disappointed: lost all my unsaved work because the software froze completely.,Negative
Fact: the store is open from monday to saturday from 9 am to 8 pm.,Neutral
Terrible: extremely slow delivery and package arrived badly crushed.,Negative
"Just wanted to post that one of the best decisions i have made, totally worth every penny.",Positive
Amazing: the graphics in this game are stunning and immersive.,Positive
I am so annoyed that deeply upset and let down by how things were handled.,Negative
"Honestly, the coffee here is brewed to absolute perfection.",Positive
Don't waste your time or hard earned money on this junk.,Negative
Official statement: the library operates on weekdays with restricted weekend hours.,Neutral
"Super glad that smooth transactions and instant confirmation, perfect service.",Positive
Fact: the article discusses historical events from the 19th century.,Neutral
Just wanted to post that the plot twist at the end blew my mind! absolutely genius.,Positive
Very easy to install and works straight out of the box.,Positive
Super glad that kudos to the entire development team for this wonderful update.,Positive
Disappointed: my account got locked for no reason and zero support available.,Negative
I am so annoyed that misleading advertisements and hidden fees everywhere.,Negative
"Note that the document is available in pdf, docx, and txt formats.",Neutral
Avoid this: rude and unhelpful staff who refused to assist with my return.,Negative
I cannot believe so frustrated with the constant server outages today 😡,Negative
"Amazing: best purchase i have ever made this year, highly recommended.",Positive
I am so annoyed that my account got locked for no reason and zero support available.,Negative
The speed limit on this section of the highway is 60 mph.,Neutral
"Disappointed: very disappointed with the build quality, broke within two days.",Negative
Review update: my heart is full of gratitude and happiness today ❤️,Positive
"I cannot believe buggy, laggy, and completely unoptimized software.",Negative
Frustrated: misleading advertisements and hidden fees everywhere.,Negative
"I have to say, i cannot stop recommending this book to everyone i meet.",Positive
Update: all visitors are required to sign in at the front reception.,Neutral
Informational: the recipe calls for two cups of flour and one teaspoon of salt.,Neutral
"Wow, the new features in this update are so smooth and handy.",Positive
"I have to say, such an inspiring and heartwarming story, touched my soul.",Positive
Can confirm that splendid craftsmanship and premium feel in the hand.,Positive
Disappointed: my account got locked for no reason and zero support available.,Negative
Frustrated: deeply upset and let down by how things were handled.,Negative
Can confirm that so happy with my results today! hard work pays off 🚀,Positive
Can confirm that i really enjoyed this movie. it was amazing!,Positive
Review warning: the movie was so boring and predictable. huge letdown.,Negative
Update: classes will resume following the national holiday break.,Neutral
Update: the video has a runtime of 45 minutes and 30 seconds.,Neutral
Official statement: press the power button once to turn the device on or off.,Neutral
Review update: beautiful sunset view from my balcony this evening 🌅,Positive
"Wow, what a thrilling win for our team in the championship finals!",Positive
Just wanted to post that the plot twist at the end blew my mind! absolutely genius.,Positive
Update: the library operates on weekdays with restricted weekend hours.,Neutral
"Honestly, super comfortable shoes, walked 10 miles without any pain.",Positive
I cannot believe awful sound quality with annoying buzzing and distortion.,Negative
The flight duration from New York to London is roughly 7 hours.,Neutral
Status log: the lecture covers fundamental concepts of linear algebra.,Neutral
I am so annoyed that horrific customer journey with confusing and broken links.,Negative
Official statement: the printer is connected to the local wireless network.,Neutral
So true: what a thrilling win for our team in the championship finals!,Positive
Official statement: the experiment was conducted under controlled laboratory conditions.,Neutral
So true: brilliant innovation that solves a real everyday problem.,Positive
Official statement: please find attached the monthly financial report for review.,Neutral
Notice: the meeting room is booked for the marketing presentation.,Neutral
"Sadly, so frustrated with the constant server outages today 😡",Negative
I am so annoyed that empty promises and deceptive marketing practices.,Negative
"Without a doubt, warmest greetings and lots of love to everyone having a good day.",Positive
"Honestly, i cannot stop recommending this book to everyone i meet.",Positive
Frustrated: horrific customer journey with confusing and broken links.,Negative
"Without a doubt, so happy with my results today! hard work pays off 🚀",Positive
"Disappointed: the taste was bitter, bland, and inedible. threw it away.",Negative
Review update: very easy to install and works straight out of the box.,Positive
Informational: the current exchange rate is 1 usd to 83.5 inr.,Neutral
Informational: the lecture covers fundamental concepts of linear algebra.,Neutral
Note that the meeting has been rescheduled for next tuesday at 10 am.,Neutral
Frustrated: subscribed by mistake and they refuse to issue a refund.,Negative
Status log: classes will resume following the national holiday break.,Neutral
"Frustrated: the taste was bitter, bland, and inedible. threw it away.",Negative
"Wow, my heart is full of gratitude and happiness today ❤️",Positive
I am so annoyed that boring lecture with an unengaging and monotone speaker.,Negative
Amazing: super fast shipping and top notch quality packaging.,Positive
I cannot believe such a sad and heartbreaking situation unfolding today.,Negative
"Honestly, five stars! exceeded all my expectations.",Positive
Avoid this: empty promises and deceptive marketing practices.,Negative
"I am so annoyed that the taste was bitter, bland, and inedible. threw it away.",Negative
"Without a doubt, the battery life on this phone is truly unbelievable.",Positive
Can confirm that got promoted today! thrilled and excited for the new journey 🎉,Positive
Note that the article discusses historical events from the 19th century.,Neutral
"Wow, warmest greetings and lots of love to everyone having a good day.",Positive
Warning: misplaced my luggage and nobody is taking responsibility.,Negative
Super glad that the customer service was outstanding and extremely helpful.,Positive
"Sadly, extremely painful headache and feeling sick all afternoon.",Negative
I am so annoyed that poorly engineered and dangerous to use around children.,Negative
"Wow, the coffee here is brewed to absolute perfection.",Positive
I cannot stop recommending this book to everyone I meet.,Positive
Super glad that flawless execution and very professional handling.,Positive
Rude and unhelpful staff who refused to assist with my return.,Negative
Fact: the parcel was deposited in your mailbox.,Neutral
"Warning: the fabric feels rough, itchy, and shrank in the first wash.",Negative
Just wanted to post that i adore how sleek and modern this looks on my desk.,Positive
"Terrible: horrible experience, i will never buy from this seller again.",Negative
"I am so annoyed that food was cold, stale, and smelled awful. disgusting!",Negative
"Disappointed: the hotel room was dirty, noisy, and had no hot water.",Negative
Update: the next train arrives in approximately 5 minutes.,Neutral
"Sadly, the story was depressing, incoherent, and pointless.",Negative
Status log: the experiment was conducted under controlled laboratory conditions.,Neutral
"FYI, the store is open from monday to saturday from 9 am to 8 pm.",Neutral
Fed up: don't waste your time or hard earned money on this junk.,Negative
The package arrived today at 3:00 PM.,Neutral
Can confirm that kudos to the entire development team for this wonderful update.,Positive
"Sadly, the screen flickers uncontrollably and hurts my eyes.",Negative
"I have to say, super helpful tutorial, explained complex topics with such ease.",Positive
"I have to say, brilliant innovation that solves a real everyday problem.",Positive
Can confirm that i adore how sleek and modern this looks on my desk.,Positive
Warning: boring lecture with an unengaging and monotone speaker.,Negative
Terrible: my account got locked for no reason and zero support available.,Negative
I cannot believe terrible delay at the airport with zero information provided.,Negative
"FYI, please find attached the monthly financial report for review.",Neutral
Frustrated: awful sound quality with annoying buzzing and distortion.,Negative
Status log: the museum is located near the central railway station.,Neutral
"I have to say, this app has transformed my daily productivity completely.",Positive
The bus stops at main street every fifteen minutes.,Neutral
"FYI, the elevator is undergoing scheduled maintenance today.",Neutral
Frustrated: misplaced my luggage and nobody is taking responsibility.,Negative
"System message: today is wednesday, the third week of september.",Neutral
Just wanted to post that five stars! exceeded all my expectations.,Positive
"So true: best purchase i have ever made this year, highly recommended.",Positive
"Warning: buggy, laggy, and completely unoptimized software.",Negative
System message: the video has a runtime of 45 minutes and 30 seconds.,Neutral
Frustrated: the movie was so boring and predictable. huge letdown.,Negative
Notice: the meeting room is booked for the marketing presentation.,Neutral
Update: the temperature in the city today is 24 degrees celsius.,Neutral
Review update: i cannot stop recommending this book to everyone i meet.,Positive
"I have to say, this app has transformed my daily productivity completely.",Positive
Just wanted to post that very easy to install and works straight out of the box.,Positive
"Wow, phenomenal sound quality with crystal clear treble and deep bass.",Positive
Update: the new policy will take effect starting next month.,Neutral
"Schedule update: the document is available in pdf, docx, and txt formats.",Neutral
My account got locked for no reason and zero support available.,Negative
Informational: the flight duration from new york to london is roughly 7 hours.,Neutral
"Honestly, i really enjoyed this movie. it was amazing!",Positive
The camera captures breathtaking detail even in low light.,Positive
"Honestly, clean, intuitive design and super responsive user interface.",Positive
Update: the elevator is undergoing scheduled maintenance today.,Neutral
"I cannot believe the hotel room was dirty, noisy, and had no hot water.",Negative
"FYI, press the power button once to turn the device on or off.",Neutral
"Today is Wednesday, the third week of September.",Neutral
System message: the flight duration from new york to london is roughly 7 hours.,Neutral
Just wanted to post that the graphics in this game are stunning and immersive.,Positive
Super glad that the battery life on this phone is truly unbelievable.,Positive
Fed up: the movie was so boring and predictable. huge letdown.,Negative
"Super glad that one of the best decisions i have made, totally worth every penny.",Positive
Can confirm that the concert last night was pure electric euphoria 🎸,Positive
"Without a doubt, loved the cinematography and soundtrack of the film. a masterpiece!",Positive
Update: the temperature in the city today is 24 degrees celsius.,Neutral
Truly a five star experience in hospitality and comfort.,Positive
Update: the book contains twelve chapters and an index.,Neutral
Can confirm that the graphics in this game are stunning and immersive.,Positive
I am so annoyed that never felt so disrespected by a company's representative.,Negative
"Just wanted to post that one of the best decisions i have made, totally worth every penny.",Positive
"Just wanted to post that fantastic atmosphere, friendly staff, and mouthwatering desserts.",Positive
Status log: the video has a runtime of 45 minutes and 30 seconds.,Neutral
"Review update: smooth transactions and instant confirmation, perfect service.",Positive
Official statement: this is an automated notification regarding your recent order.,Neutral
Notice: the lecture covers fundamental concepts of linear algebra.,Neutral
Schedule update: the new policy will take effect starting next month.,Neutral
Informational: users can reset their password by visiting the settings tab.,Neutral
Informational: the survey consists of ten multiple-choice questions.,Neutral
Disappointed: awful sound quality with annoying buzzing and distortion.,Negative
Schedule update: the library operates on weekdays with restricted weekend hours.,Neutral
"Terrible: the taste was bitter, bland, and inedible. threw it away.",Negative
"Warning: very disappointed with the build quality, broke within two days.",Negative
Frustrated: terrible delay at the airport with zero information provided.,Negative
Terrible: high price for extremely cheap and fragile plastic.,Negative
"I am so annoyed that total scam, the item looks nothing like the picture online.",Negative
Update: the bus stops at main street every fifteen minutes.,Neutral
I cannot believe so frustrated with the constant server outages today 😡,Negative
"Just wanted to post that clean, intuitive design and super responsive user interface.",Positive
I am so annoyed that horrific customer journey with confusing and broken links.,Negative
"Total scam, the item looks nothing like the picture online.",Negative
Informational: the new policy will take effect starting next month.,Neutral
Note that this document outlines the standard operating procedures.,Neutral
Extremely painful headache and feeling sick all afternoon.,Negative
"Wow, feeling energetic and ready to conquer the week ahead ✨",Positive
"FYI, the document is available in pdf, docx, and txt formats.",Neutral
"Review update: had a wonderful time with friends today, blessed! 😊",Positive
So true: very easy to install and works straight out of the box.,Positive
"FYI, there are 24 hours in a standard solar day.",Neutral
"FYI, registration closes on friday at midnight.",Neutral
"Sadly, awful sound quality with annoying buzzing and distortion.",Negative
The coffee here is brewed to absolute perfection.,Positive
"Wow, best purchase i have ever made this year, highly recommended.",Positive
Fact: the server is operating within normal temperature parameters.,Neutral
I am so annoyed that the tire went flat on the highway during heavy rain.,Negative
The wifi is completely down again for the third time this week.,Negative
"Review warning: the controls are clunky, laggy, and unresponsive.",Negative
Just wanted to post that the new features in this update are so smooth and handy.,Positive
"Wow, so proud of my sister for graduating with honors! 🎓",Positive
Status log: the battery is currently charged to 65 percent.,Neutral
Schedule update: please find attached the monthly financial report for review.,Neutral
Fact: the report was compiled using data from the previous quarter.,Neutral
"Wow, fantastic atmosphere, friendly staff, and mouthwatering desserts.",Positive
Splendid craftsmanship and premium feel in the hand.,Positive
Review update: brilliant innovation that solves a real everyday problem.,Positive
Status log: the report was compiled using data from the previous quarter.,Neutral
Update: the meeting has been rescheduled for next tuesday at 10 am.,Neutral
Avoid this: cancelled my flight without prior notice or compensation.,Negative
Amazing: the camera captures breathtaking detail even in low light.,Positive
"Super glad that brilliant performance by the lead actors, standing ovation!",Positive
"Super glad that great experience from start to finish, will definitely come back!",Positive
I am so annoyed that horrific customer journey with confusing and broken links.,Negative
Review update: got promoted today! thrilled and excited for the new journey 🎉,Positive
"Disappointed: total scam, the item looks nothing like the picture online.",Negative
So proud of my sister for graduating with honors! 🎓,Positive
Fed up: this product is terrible. complete waste of money!,Negative
Can confirm that i am so grateful for all the support and kindness today.,Positive
"Amazing: had a wonderful time with friends today, blessed! 😊",Positive
"Schedule update: the document is available in pdf, docx, and txt formats.",Neutral
Terrible: cancelled my flight without prior notice or compensation.,Negative
Update: the lecture covers fundamental concepts of linear algebra.,Neutral
Note that the package arrived today at 3:00 pm.,Neutral
System message: the store is open from monday to saturday from 9 am to 8 pm.,Neutral
"I cannot believe terrible battery drain, drops from 100% to 20% in two hours.",Negative
Official statement: the device connects via bluetooth 5.0 and usb type-c.,Neutral
Official statement: this is an automated notification regarding your recent order.,Neutral
I cannot believe the screen flickers uncontrollably and hurts my eyes.,Negative
Status log: the file size is 250 megabytes.,Neutral
Notice: the conference will feature speakers from various tech companies.,Neutral
Super glad that the plot twist at the end blew my mind! absolutely genius.,Positive
"Just wanted to post that had a wonderful time with friends today, blessed! 😊",Positive
Informational: the server is operating within normal temperature parameters.,Neutral
"Honestly, feeling energetic and ready to conquer the week ahead ✨",Positive
Warning: loud and obnoxious neighbors kept me awake all night.,Negative
"Fed up: terrible acting, cheesy dialogues, and horrible cgi.",Negative
Review update: got promoted today! thrilled and excited for the new journey 🎉,Positive
"Review warning: terrible battery drain, drops from 100% to 20% in two hours.",Negative
Fed up: empty promises and deceptive marketing practices.,Negative
Terrible: such a sad and heartbreaking situation unfolding today.,Negative
"Schedule update: today is wednesday, the third week of september.",Neutral
Review update: beautiful sunset view from my balcony this evening 🌅,Positive
Amazing: very easy to install and works straight out of the box.,Positive
"Review warning: defective unit right out of the box, refuses to power on.",Negative
"I cannot believe the story was depressing, incoherent, and pointless.",Negative
The museum is located near the central railway station.,Neutral
Warning: lost all my unsaved work because the software froze completely.,Negative
Disappointed: lost all my unsaved work because the software froze completely.,Negative
Terrible: extremely slow delivery and package arrived badly crushed.,Negative
Review warning: rude and unhelpful staff who refused to assist with my return.,Negative
"I am so annoyed that food was cold, stale, and smelled awful. disgusting!",Negative
Official statement: the current exchange rate is 1 usd to 83.5 inr.,Neutral
I am so annoyed that sad to see how downhill this restaurant has gone over time.,Negative
Can confirm that so proud of my sister for graduating with honors! 🎓,Positive
Review warning: disgusted by the poor hygiene standards at this venue.,Negative
Disappointed: rude and unhelpful staff who refused to assist with my return.,Negative
"Without a doubt, beautiful sunset view from my balcony this evening 🌅",Positive
Just wanted to post that beautiful sunset view from my balcony this evening 🌅,Positive
Notice: water boils at 100 degrees celsius under standard atmospheric pressure.,Neutral
Schedule update: this document outlines the standard operating procedures.,Neutral
Just wanted to post that loved the cinematography and soundtrack of the film. a masterpiece!,Positive
"The controls are clunky, laggy, and unresponsive.",Negative
Warning: extremely painful headache and feeling sick all afternoon.,Negative
"Honestly, great experience from start to finish, will definitely come back!",Positive
Informational: the current exchange rate is 1 usd to 83.5 inr.,Neutral
"Just wanted to post that had a wonderful time with friends today, blessed! 😊",Positive
Official statement: the article discusses historical events from the 19th century.,Neutral
Note that the train leaves platform 4 at 14:30.,Neutral
Note that water boils at 100 degrees celsius under standard atmospheric pressure.,Neutral
System message: the speed limit on this section of the highway is 60 mph.,Neutral
I am so annoyed that unhappy with the outcome after spending so many hours.,Negative
Warning: such a sad and heartbreaking situation unfolding today.,Negative
Avoid this: horrific customer journey with confusing and broken links.,Negative
Notice: the file size is 250 megabytes.,Neutral
"Wow, i adore how sleek and modern this looks on my desk.",Positive
Terrible: unhappy with the outcome after spending so many hours.,Negative
"FYI, the restaurant serves both vegetarian and non-vegetarian options.",Neutral
"Wow, i adore how sleek and modern this looks on my desk.",Positive
"Notice: the car has driven 45,000 miles since manufacture.",Neutral
Review warning: high price for extremely cheap and fragile plastic.,Negative
Review update: the graphics in this game are stunning and immersive.,Positive
Warning: poorly engineered and dangerous to use around children.,Negative
"Without a doubt, phenomenal sound quality with crystal clear treble and deep bass.",Positive
Update: the meeting room is booked for the marketing presentation.,Neutral
Status log: the book contains twelve chapters and an index.,Neutral
Update: the library operates on weekdays with restricted weekend hours.,Neutral
Frustrated: high price for extremely cheap and fragile plastic.,Negative
Review warning: loud and obnoxious neighbors kept me awake all night.,Negative
So true: beautiful sunset view from my balcony this evening 🌅,Positive
Note that the temperature in the city today is 24 degrees celsius.,Neutral
Just wanted to post that the concert last night was pure electric euphoria 🎸,Positive
"Wow, delicious food and exceptional ambiance, 10/10!",Positive
"Disappointed: i regret buying this item, worst decision ever made.",Negative
Fed up: don't waste your time or hard earned money on this junk.,Negative
"Sadly, unhappy with the outcome after spending so many hours.",Negative
Informational: the new policy will take effect starting next month.,Neutral
"Just wanted to post that had a wonderful time with friends today, blessed! 😊",Positive
Just wanted to post that i really enjoyed this movie. it was amazing!,Positive
So true: splendid craftsmanship and premium feel in the hand.,Positive
"The story was depressing, incoherent, and pointless.",Negative
"Warning: the fabric feels rough, itchy, and shrank in the first wash.",Negative
Update: the flight duration from new york to london is roughly 7 hours.,Neutral
"Worst customer support ever, waited two hours and got disconnected.",Negative
Update: the parcel was deposited in your mailbox.,Neutral
"Wow, phenomenal sound quality with crystal clear treble and deep bass.",Positive
"Super glad that such an inspiring and heartwarming story, touched my soul.",Positive
Just wanted to post that the camera captures breathtaking detail even in low light.,Positive
Official statement: the survey consists of ten multiple-choice questions.,Neutral
I cannot believe awful sound quality with annoying buzzing and distortion.,Negative
So true: i am so grateful for all the support and kindness today.,Positive
"Update: the document is available in pdf, docx, and txt formats.",Neutral
Frustrated: sad to see how downhill this restaurant has gone over time.,Negative
Avoid this: deeply upset and let down by how things were handled.,Negative
Note that the package arrived today at 3:00 pm.,Neutral
Informational: the device connects via bluetooth 5.0 and usb type-c.,Neutral
"Avoid this: defective unit right out of the box, refuses to power on.",Negative
Super glad that i really enjoyed this movie. it was amazing!,Positive
"Wow, warmest greetings and lots of love to everyone having a good day.",Positive
Just wanted to post that such a joyful celebration with the whole family!,Positive
"Notice: the document is available in pdf, docx, and txt formats.",Neutral
Frustrated: unhappy with the outcome after spending so many hours.,Negative
"FYI, the package arrived today at 3:00 pm.",Neutral
I am so annoyed that subscribed by mistake and they refuse to issue a refund.,Negative
Warning: unhappy with the outcome after spending so many hours.,Negative
So true: the graphics in this game are stunning and immersive.,Positive
Fact: the elevator is undergoing scheduled maintenance today.,Neutral
"Amazing: brilliant performance by the lead actors, standing ovation!",Positive
Review update: truly a five star experience in hospitality and comfort.,Positive
Official statement: the new policy will take effect starting next month.,Neutral
"Without a doubt, delicious food and exceptional ambiance, 10/10!",Positive
"Review warning: very disappointed with the build quality, broke within two days.",Negative
The file size is 250 megabytes.,Neutral
"Had a wonderful time with friends today, blessed! 😊",Positive
Schedule update: the device connects via bluetooth 5.0 and usb type-c.,Neutral
"Honestly, i cannot stop recommending this book to everyone i meet.",Positive
"I have to say, delicious food and exceptional ambiance, 10/10!",Positive
"Wow, exceptionally well-written code and spotless documentation.",Positive
Fed up: i feel terrible and exhausted after that frustrating meeting.,Negative
Fact: please find attached the monthly financial report for review.,Neutral
Terrible: such a sad and heartbreaking situation unfolding today.,Negative
Super glad that the coffee here is brewed to absolute perfection.,Positive
"Frustrated: the fabric feels rough, itchy, and shrank in the first wash.",Negative
System message: the article discusses historical events from the 19th century.,Neutral
System message: the file size is 250 megabytes.,Neutral
"FYI, the package weighs approximately 1.5 kilograms.",Neutral
Super glad that impressive turnaround time and very courteous support agent.,Positive
Status log: the printer is connected to the local wireless network.,Neutral
"Sadly, horrific customer journey with confusing and broken links.",Negative
"Review warning: horrible experience, i will never buy from this seller again.",Negative
Super glad that five stars! exceeded all my expectations.,Positive
Fact: the store is open from monday to saturday from 9 am to 8 pm.,Neutral
"Sadly, misleading advertisements and hidden fees everywhere.",Negative
Informational: the library operates on weekdays with restricted weekend hours.,Neutral
Just wanted to post that such a joyful celebration with the whole family!,Positive
System message: please find attached the monthly financial report for review.,Neutral
Update: the bus stops at main street every fifteen minutes.,Neutral
"FYI, the museum is located near the central railway station.",Neutral
"Sadly, disgusted by the poor hygiene standards at this venue.",Negative
Fed up: the tire went flat on the highway during heavy rain.,Negative
I cannot believe awful sound quality with annoying buzzing and distortion.,Negative
"FYI, the package arrived today at 3:00 pm.",Neutral
Notice: the conference will feature speakers from various tech companies.,Neutral
Informational: the table dimensions are 120 cm length by 60 cm width.,Neutral
I cannot believe so frustrated with the constant server outages today 😡,Negative
Note that the bus stops at main street every fifteen minutes.,Neutral
"Honestly, kudos to the entire development team for this wonderful update.",Positive
"Fed up: the taste was bitter, bland, and inedible. threw it away.",Negative
"Just wanted to post that such an inspiring and heartwarming story, touched my soul.",Positive
Status log: the lecture covers fundamental concepts of linear algebra.,Neutral
"Honestly, so proud of my sister for graduating with honors! 🎓",Positive
Schedule update: all visitors are required to sign in at the front reception.,Neutral
"Without a doubt, so happy with my results today! hard work pays off 🚀",Positive
"FYI, the car has driven 45,000 miles since manufacture.",Neutral
Status log: software version 2.4.1 was released earlier this morning.,Neutral
"Terrible: food was cold, stale, and smelled awful. disgusting!",Negative
"Terrible: the controls are clunky, laggy, and unresponsive.",Negative
Notice: please find attached the monthly financial report for review.,Neutral
Super glad that the graphics in this game are stunning and immersive.,Positive
Can confirm that everything was delivered in perfect condition ahead of schedule.,Positive
"Wow, kudos to the entire development team for this wonderful update.",Positive
Review update: the camera captures breathtaking detail even in low light.,Positive
Status log: the meeting room is booked for the marketing presentation.,Neutral
Just wanted to post that the concert last night was pure electric euphoria 🎸,Positive
Fact: the restaurant serves both vegetarian and non-vegetarian options.,Neutral
Disappointed: never felt so disrespected by a company's representative.,Negative
Disappointed: so angry about this sudden unjust price increase.,Negative
Just wanted to post that i really enjoyed this movie. it was amazing!,Positive
"I have to say, very easy to install and works straight out of the box.",Positive
"Avoid this: terrible acting, cheesy dialogues, and horrible cgi.",Negative
Note that the library operates on weekdays with restricted weekend hours.,Neutral
"Review update: had a wonderful time with friends today, blessed! 😊",Positive
"Frustrated: buggy, laggy, and completely unoptimized software.",Negative
Update: press the power button once to turn the device on or off.,Neutral
Warning: sad to see how downhill this restaurant has gone over time.,Negative
Fed up: deeply upset and let down by how things were handled.,Negative
Avoid this: so frustrated with the constant server outages today 😡,Negative
Informational: press the power button once to turn the device on or off.,Neutral
"Warning: the story was depressing, incoherent, and pointless.",Negative
"Disappointed: total scam, the item looks nothing like the picture online.",Negative
"Without a doubt, i really enjoyed this movie. it was amazing!",Positive
Terrible: completely useless feature that only adds unnecessary confusion.,Negative
Warning: loud and obnoxious neighbors kept me awake all night.,Negative
"Review warning: food was cold, stale, and smelled awful. disgusting!",Negative
Super glad that such a joyful celebration with the whole family!,Positive
"FYI, the parcel was deposited in your mailbox.",Neutral
Notice: the article discusses historical events from the 19th century.,Neutral
Can confirm that such a joyful celebration with the whole family!,Positive
Update: the recipe calls for two cups of flour and one teaspoon of salt.,Neutral
Amazing: impressive turnaround time and very courteous support agent.,Positive
Informational: there are 24 hours in a standard solar day.,Neutral
"Fed up: the story was depressing, incoherent, and pointless.",Negative
"FYI, the meeting has been rescheduled for next tuesday at 10 am.",Neutral
Avoid this: rude and unhelpful staff who refused to assist with my return.,Negative
"Honestly, the plot twist at the end blew my mind! absolutely genius.",Positive
Amazing: truly a five star experience in hospitality and comfort.,Positive
Status log: the current exchange rate is 1 usd to 83.5 inr.,Neutral
Informational: press the power button once to turn the device on or off.,Neutral
Super glad that feeling blessed and excited for what tomorrow holds.,Positive
"Brilliant performance by the lead actors, standing ovation!",Positive
Informational: the bus stops at main street every fifteen minutes.,Neutral
So true: kudos to the entire development team for this wonderful update.,Positive
"I am so annoyed that buggy, laggy, and completely unoptimized software.",Negative
"Wow, exceptionally well-written code and spotless documentation.",Positive
Avoid this: horrific customer journey with confusing and broken links.,Negative
Note that the next train arrives in approximately 5 minutes.,Neutral
"FYI, the flight duration from new york to london is roughly 7 hours.",Neutral
Review update: phenomenal sound quality with crystal clear treble and deep bass.,Positive
Review warning: unhappy with the outcome after spending so many hours.,Negative
Frustrated: such a sad and heartbreaking situation unfolding today.,Negative
"FYI, the system has been updated with the latest security patches.",Neutral
"So true: brilliant performance by the lead actors, standing ovation!",Positive
"Avoid this: buggy, laggy, and completely unoptimized software.",Negative
Can confirm that truly a five star experience in hospitality and comfort.,Positive
"Informational: today is wednesday, the third week of september.",Neutral
So true: loved the cinematography and soundtrack of the film. a masterpiece!,Positive
"Fed up: the fabric feels rough, itchy, and shrank in the first wash.",Negative
Just wanted to post that i cannot stop recommending this book to everyone i meet.,Positive
"FYI, the document is available in pdf, docx, and txt formats.",Neutral
I cannot believe rude and unhelpful staff who refused to assist with my return.,Negative
"Frustrated: i regret buying this item, worst decision ever made.",Negative
"Sadly, so angry about this sudden unjust price increase.",Negative
Can confirm that feeling energetic and ready to conquer the week ahead ✨,Positive
Just wanted to post that such a joyful celebration with the whole family!,Positive
So true: i adore how sleek and modern this looks on my desk.,Positive
Update: the system has been updated with the latest security patches.,Neutral
"Smooth transactions and instant confirmation, perfect service.",Positive
"Schedule update: today is wednesday, the third week of september.",Neutral
The meeting has been rescheduled for next Tuesday at 10 AM.,Neutral
"Frustrated: i regret buying this item, worst decision ever made.",Negative
"Super glad that one of the best decisions i have made, totally worth every penny.",Positive
So true: loved the cinematography and soundtrack of the film. a masterpiece!,Positive
The recipe calls for two cups of flour and one teaspoon of salt.,Neutral
"Frustrated: worst customer support ever, waited two hours and got disconnected.",Negative
"I have to say, super helpful tutorial, explained complex topics with such ease.",Positive
Fact: the system has been updated with the latest security patches.,Neutral
"I am so annoyed that buggy, laggy, and completely unoptimized software.",Negative
So true: feeling energetic and ready to conquer the week ahead ✨,Positive
Fact: the survey consists of ten multiple-choice questions.,Neutral
Just wanted to post that such a joyful celebration with the whole family!,Positive
I am so annoyed that high price for extremely cheap and fragile plastic.,Negative
"Wow, the new features in this update are so smooth and handy.",Positive
"Fed up: very disappointed with the build quality, broke within two days.",Negative
Received the wrong size and seller is ignoring all my emails.,Negative
Just wanted to post that generous discounts and great value for money.,Positive
Informational: the table dimensions are 120 cm length by 60 cm width.,Neutral
"I have to say, super helpful tutorial, explained complex topics with such ease.",Positive
Note that the server is operating within normal temperature parameters.,Neutral
"Amazing: one of the best decisions i have made, totally worth every penny.",Positive
"FYI, classes will resume following the national holiday break.",Neutral
"I am so annoyed that horrible experience, i will never buy from this seller again.",Negative
Note that the package weighs approximately 1.5 kilograms.,Neutral
I am so annoyed that extremely painful headache and feeling sick all afternoon.,Negative
Update: the current exchange rate is 1 usd to 83.5 inr.,Neutral
Status log: the meeting has been rescheduled for next tuesday at 10 am.,Neutral
"Honestly, what a thrilling win for our team in the championship finals!",Positive
System message: the museum is located near the central railway station.,Neutral
"So true: great experience from start to finish, will definitely come back!",Positive
"Without a doubt, flawless execution and very professional handling.",Positive
Notice: the store is open from monday to saturday from 9 am to 8 pm.,Neutral
Schedule update: the article discusses historical events from the 19th century.,Neutral
"I cannot believe the hotel room was dirty, noisy, and had no hot water.",Negative
Super glad that this app has transformed my daily productivity completely.,Positive
Warning: the wifi is completely down again for the third time this week.,Negative
"I have to say, delicious food and exceptional ambiance, 10/10!",Positive
"Warning: defective unit right out of the box, refuses to power on.",Negative
Official statement: classes will resume following the national holiday break.,Neutral
"Without a doubt, the camera captures breathtaking detail even in low light.",Positive
So true: my heart is full of gratitude and happiness today ❤️,Positive
The experiment was conducted under controlled laboratory conditions.,Neutral
Notice: classes will resume following the national holiday break.,Neutral
"Frustrated: terrible acting, cheesy dialogues, and horrible cgi.",Negative
So true: splendid craftsmanship and premium feel in the hand.,Positive
Amazing: flawless execution and very professional handling.,Positive
Review update: got promoted today! thrilled and excited for the new journey 🎉,Positive
Notice: the recipe calls for two cups of flour and one teaspoon of salt.,Neutral
Official statement: the bus stops at main street every fifteen minutes.,Neutral
I am so annoyed that high price for extremely cheap and fragile plastic.,Negative
Official statement: the flight duration from new york to london is roughly 7 hours.,Neutral
Informational: the book contains twelve chapters and an index.,Neutral
Warning: extremely slow delivery and package arrived badly crushed.,Negative
Update: the printer is connected to the local wireless network.,Neutral
Warning: don't waste your time or hard earned money on this junk.,Negative
"So true: one of the best decisions i have made, totally worth every penny.",Positive
"Review update: great experience from start to finish, will definitely come back!",Positive
I cannot believe horrific customer journey with confusing and broken links.,Negative
"Honestly, feeling blessed and excited for what tomorrow holds.",Positive
Informational: the recipe calls for two cups of flour and one teaspoon of salt.,Neutral
Terrible: received the wrong size and seller is ignoring all my emails.,Negative
"Can confirm that such an inspiring and heartwarming story, touched my soul.",Positive
"Wow, super comfortable shoes, walked 10 miles without any pain.",Positive
Official statement: the package weighs approximately 1.5 kilograms.,Neutral
Frustrated: such a sad and heartbreaking situation unfolding today.,Negative
Note that there are 24 hours in a standard solar day.,Neutral
"FYI, the conference will feature speakers from various tech companies.",Neutral
"Without a doubt, so happy with my results today! hard work pays off 🚀",Positive
"Without a doubt, impressive turnaround time and very courteous support agent.",Positive
So true: kudos to the entire development team for this wonderful update.,Positive
"Honestly, smooth transactions and instant confirmation, perfect service.",Positive
"I have to say, smooth transactions and instant confirmation, perfect service.",Positive
Notice: the battery is currently charged to 65 percent.,Neutral
"Wow, this product is absolutely incredible, works like magic!",Positive
I am so annoyed that i feel terrible and exhausted after that frustrating meeting.,Negative
Can confirm that splendid craftsmanship and premium feel in the hand.,Positive
"Warning: the fabric feels rough, itchy, and shrank in the first wash.",Negative
Status log: the meeting has been rescheduled for next tuesday at 10 am.,Neutral
So true: beautiful sunset view from my balcony this evening 🌅,Positive
"Honestly, the plot twist at the end blew my mind! absolutely genius.",Positive
Review warning: i feel terrible and exhausted after that frustrating meeting.,Negative
"Amazing: one of the best decisions i have made, totally worth every penny.",Positive
"I have to say, phenomenal sound quality with crystal clear treble and deep bass.",Positive
I feel terrible and exhausted after that frustrating meeting.,Negative
Can confirm that the coffee here is brewed to absolute perfection.,Positive
"Can confirm that such an inspiring and heartwarming story, touched my soul.",Positive
Super glad that what a thrilling win for our team in the championship finals!,Positive
Terrible: rude and unhelpful staff who refused to assist with my return.,Negative
Terrible: the app keeps crashing constantly after the latest buggy update.,Negative
Just wanted to post that my heart is full of gratitude and happiness today ❤️,Positive
So true: generous discounts and great value for money.,Positive
I am so annoyed that lost all my unsaved work because the software froze completely.,Negative
Can confirm that flawless execution and very professional handling.,Positive
Schedule update: the library operates on weekdays with restricted weekend hours.,Neutral
Can confirm that such a joyful celebration with the whole family!,Positive
"FYI, the recipe calls for two cups of flour and one teaspoon of salt.",Neutral
"The car has driven 45,000 miles since manufacture.",Neutral
"Just wanted to post that clean, intuitive design and super responsive user interface.",Positive
Update: the battery is currently charged to 65 percent.,Neutral
Frustrated: received the wrong size and seller is ignoring all my emails.,Negative
I am so annoyed that rude and unhelpful staff who refused to assist with my return.,Negative
"The taste was bitter, bland, and inedible. Threw it away.",Negative
I cannot believe my account got locked for no reason and zero support available.,Negative
Can confirm that feeling energetic and ready to conquer the week ahead ✨,Positive
Frustrated: never felt so disrespected by a company's representative.,Negative
"Sadly, my account got locked for no reason and zero support available.",Negative
Update: the meeting room is booked for the marketing presentation.,Neutral
"Defective unit right out of the box, refuses to power on.",Negative
Official statement: the package includes a user manual and a warranty card.,Neutral
Just wanted to post that very easy to install and works straight out of the box.,Positive
So happy with my results today! Hard work pays off 🚀,Positive
System message: the temperature in the city today is 24 degrees celsius.,Neutral
"Without a doubt, my heart is full of gratitude and happiness today ❤️",Positive
Fact: water boils at 100 degrees celsius under standard atmospheric pressure.,Neutral
Frustrated: high price for extremely cheap and fragile plastic.,Negative
"Can confirm that this product is absolutely incredible, works like magic!",Positive
"Wow, i adore how sleek and modern this looks on my desk.",Positive
Frustrated: completely useless feature that only adds unnecessary confusion.,Negative
Status log: the package includes a user manual and a warranty card.,Neutral
"Frustrated: the controls are clunky, laggy, and unresponsive.",Negative
System message: the survey consists of ten multiple-choice questions.,Neutral
Note that the system has been updated with the latest security patches.,Neutral
"FYI, the bus stops at main street every fifteen minutes.",Neutral
Avoid this: the app keeps crashing constantly after the latest buggy update.,Negative
Amazing: this app has transformed my daily productivity completely.,Positive
"Honestly, kudos to the entire development team for this wonderful update.",Positive
"Amazing: delicious food and exceptional ambiance, 10/10!",Positive
I am so annoyed that extremely painful headache and feeling sick all afternoon.,Negative
"FYI, the battery is currently charged to 65 percent.",Neutral
Schedule update: the train leaves platform 4 at 14:30.,Neutral
Fact: users can reset their password by visiting the settings tab.,Neutral
"So true: fantastic atmosphere, friendly staff, and mouthwatering desserts.",Positive
Informational: water boils at 100 degrees celsius under standard atmospheric pressure.,Neutral
"FYI, the speed limit on this section of the highway is 60 mph.",Neutral
Frustrated: loud and obnoxious neighbors kept me awake all night.,Negative
Update: the museum is located near the central railway station.,Neutral
So true: the graphics in this game are stunning and immersive.,Positive
"Can confirm that fantastic atmosphere, friendly staff, and mouthwatering desserts.",Positive
Status log: the package includes a user manual and a warranty card.,Neutral
Fed up: disgusted by the poor hygiene standards at this venue.,Negative
"The fabric feels rough, itchy, and shrank in the first wash.",Negative
Amazing: the concert last night was pure electric euphoria 🎸,Positive
"Review warning: worst customer support ever, waited two hours and got disconnected.",Negative
"Without a doubt, delicious food and exceptional ambiance, 10/10!",Positive
Fact: the video has a runtime of 45 minutes and 30 seconds.,Neutral
"Food was cold, stale, and smelled awful. Disgusting!",Negative
Update: the conference will feature speakers from various tech companies.,Neutral
"Can confirm that smooth transactions and instant confirmation, perfect service.",Positive
"Fed up: the story was depressing, incoherent, and pointless.",Negative
The conference will feature speakers from various tech companies.,Neutral
So true: the new features in this update are so smooth and handy.,Positive
"Review update: super helpful tutorial, explained complex topics with such ease.",Positive
"Can confirm that smooth transactions and instant confirmation, perfect service.",Positive
"Without a doubt, flawless execution and very professional handling.",Positive
Update: this document outlines the standard operating procedures.,Neutral
Official statement: the current exchange rate is 1 usd to 83.5 inr.,Neutral
"Terrible: food was cold, stale, and smelled awful. disgusting!",Negative
I am so grateful for all the support and kindness today.,Positive
System message: the museum is located near the central railway station.,Neutral
Fact: the store is open from monday to saturday from 9 am to 8 pm.,Neutral
"FYI, the survey consists of ten multiple-choice questions.",Neutral
So true: so proud of my sister for graduating with honors! 🎓,Positive
Update: the speed limit on this section of the highway is 60 mph.,Neutral
Notice: the package weighs approximately 1.5 kilograms.,Neutral
Notice: classes will resume following the national holiday break.,Neutral
"Frustrated: i regret buying this item, worst decision ever made.",Negative
"One of the best decisions I have made, totally worth every penny.",Positive
Note that the package includes a user manual and a warranty card.,Neutral
"Wow, what a thrilling win for our team in the championship finals!",Positive
Avoid this: lost all my unsaved work because the software froze completely.,Negative
Amazing: phenomenal sound quality with crystal clear treble and deep bass.,Positive
Super glad that the new features in this update are so smooth and handy.,Positive
"FYI, users can reset their password by visiting the settings tab.",Neutral
Note that the flight duration from new york to london is roughly 7 hours.,Neutral
Note that users can reset their password by visiting the settings tab.,Neutral
"FYI, the recipe calls for two cups of flour and one teaspoon of salt.",Neutral
"Honestly, generous discounts and great value for money.",Positive
"Without a doubt, very easy to install and works straight out of the box.",Positive
The meeting room is booked for the marketing presentation.,Neutral
Notice: the bus stops at main street every fifteen minutes.,Neutral
Fed up: misleading advertisements and hidden fees everywhere.,Negative
Such a sad and heartbreaking situation unfolding today.,Negative
Feeling blessed and excited for what tomorrow holds.,Positive
Can confirm that i am so grateful for all the support and kindness today.,Positive
So true: loved the cinematography and soundtrack of the film. a masterpiece!,Positive
Fact: the video has a runtime of 45 minutes and 30 seconds.,Neutral
"I have to say, so proud of my sister for graduating with honors! 🎓",Positive
Fact: the parcel was deposited in your mailbox.,Neutral
"Can confirm that such an inspiring and heartwarming story, touched my soul.",Positive
Schedule update: the new policy will take effect starting next month.,Neutral
Fed up: the tire went flat on the highway during heavy rain.,Negative
Review warning: this product is terrible. complete waste of money!,Negative
"Without a doubt, such an inspiring and heartwarming story, touched my soul.",Positive
Amazing: very easy to install and works straight out of the box.,Positive
"Fact: the car has driven 45,000 miles since manufacture.",Neutral
"Fed up: worst customer support ever, waited two hours and got disconnected.",Negative
Update: the book contains twelve chapters and an index.,Neutral
"FYI, the experiment was conducted under controlled laboratory conditions.",Neutral
I am so annoyed that never felt so disrespected by a company's representative.,Negative
I cannot believe my account got locked for no reason and zero support available.,Negative
Review update: brilliant innovation that solves a real everyday problem.,Positive
"Wow, so happy with my results today! hard work pays off 🚀",Positive
Update: users can reset their password by visiting the settings tab.,Neutral
Status log: the battery is currently charged to 65 percent.,Neutral
Update: press the power button once to turn the device on or off.,Neutral
"Sadly, the wifi is completely down again for the third time this week.",Negative
"Amazing: this product is absolutely incredible, works like magic!",Positive
System message: press the power button once to turn the device on or off.,Neutral
Avoid this: disgusted by the poor hygiene standards at this venue.,Negative
Disappointed: misplaced my luggage and nobody is taking responsibility.,Negative
Review update: very easy to install and works straight out of the box.,Positive
"Informational: today is wednesday, the third week of september.",Neutral
Just wanted to post that feeling energetic and ready to conquer the week ahead ✨,Positive
Fact: the survey consists of ten multiple-choice questions.,Neutral
Avoid this: this product is terrible. complete waste of money!,Negative
Status log: registration closes on friday at midnight.,Neutral
"I have to say, super fast shipping and top notch quality packaging.",Positive
Official statement: the system has been updated with the latest security patches.,Neutral
Warning: misleading advertisements and hidden fees everywhere.,Negative
Terrible: so frustrated with the constant server outages today 😡,Negative
Informational: this document outlines the standard operating procedures.,Neutral
Amazing: i cannot stop recommending this book to everyone i meet.,Positive
"Review update: one of the best decisions i have made, totally worth every penny.",Positive
"Avoid this: the controls are clunky, laggy, and unresponsive.",Negative
So true: phenomenal sound quality with crystal clear treble and deep bass.,Positive
"FYI, registration closes on friday at midnight.",Neutral
Status log: users can reset their password by visiting the settings tab.,Neutral
Just wanted to post that the customer service was outstanding and extremely helpful.,Positive
Fed up: i feel terrible and exhausted after that frustrating meeting.,Negative
Review warning: extremely painful headache and feeling sick all afternoon.,Negative
Fact: the server is operating within normal temperature parameters.,Neutral
"Honestly, my heart is full of gratitude and happiness today ❤️",Positive
"Review update: great experience from start to finish, will definitely come back!",Positive
Frustrated: don't waste your time or hard earned money on this junk.,Negative
I am so annoyed that the app keeps crashing constantly after the latest buggy update.,Negative
"Sadly, terrible acting, cheesy dialogues, and horrible cgi.",Negative
Terrible: this product is terrible. complete waste of money!,Negative
The store is open from Monday to Saturday from 9 AM to 8 PM.,Neutral
"The document is available in PDF, DOCX, and TXT formats.",Neutral
Disappointed: this product is terrible. complete waste of money!,Negative
"I have to say, the battery life on this phone is truly unbelievable.",Positive
I cannot believe the app keeps crashing constantly after the latest buggy update.,Negative
"Just wanted to post that super comfortable shoes, walked 10 miles without any pain.",Positive
"Fed up: buggy, laggy, and completely unoptimized software.",Negative
"Fed up: the taste was bitter, bland, and inedible. threw it away.",Negative
"Without a doubt, this product is absolutely incredible, works like magic!",Positive
"I cannot believe total scam, the item looks nothing like the picture online.",Negative
"Warning: defective unit right out of the box, refuses to power on.",Negative
Classes will resume following the national holiday break.,Neutral
So true: truly a five star experience in hospitality and comfort.,Positive
Informational: the meeting has been rescheduled for next tuesday at 10 am.,Neutral
"Without a doubt, so happy with my results today! hard work pays off 🚀",Positive
Review update: truly a five star experience in hospitality and comfort.,Positive
I am so annoyed that completely useless feature that only adds unnecessary confusion.,Negative
Notice: please find attached the monthly financial report for review.,Neutral
Schedule update: the library operates on weekdays with restricted weekend hours.,Neutral
Can confirm that splendid craftsmanship and premium feel in the hand.,Positive
Disappointed: the app keeps crashing constantly after the latest buggy update.,Negative
Review warning: misleading advertisements and hidden fees everywhere.,Negative
Kudos to the entire development team for this wonderful update.,Positive
"I have to say, best purchase i have ever made this year, highly recommended.",Positive
"Sadly, i feel terrible and exhausted after that frustrating meeting.",Negative
System message: the table dimensions are 120 cm length by 60 cm width.,Neutral
Note that the file size is 250 megabytes.,Neutral
Super glad that the customer service was outstanding and extremely helpful.,Positive
Super glad that the new features in this update are so smooth and handy.,Positive
Avoid this: subscribed by mistake and they refuse to issue a refund.,Negative
"I cannot believe the hotel room was dirty, noisy, and had no hot water.",Negative
The article discusses historical events from the 19th century.,Neutral
Frustrated: horrific customer journey with confusing and broken links.,Negative
Amazing: i cannot stop recommending this book to everyone i meet.,Positive
"Can confirm that great experience from start to finish, will definitely come back!",Positive
Can confirm that feeling blessed and excited for what tomorrow holds.,Positive
"Wow, delicious food and exceptional ambiance, 10/10!",Positive
Can confirm that five stars! exceeded all my expectations.,Positive
Note that the current exchange rate is 1 usd to 83.5 inr.,Neutral
"Honestly, such a joyful celebration with the whole family!",Positive
Avoid this: so angry about this sudden unjust price increase.,Negative
Avoid this: don't waste your time or hard earned money on this junk.,Negative
Status log: users can reset their password by visiting the settings tab.,Neutral
So true: super fast shipping and top notch quality packaging.,Positive
"I have to say, the camera captures breathtaking detail even in low light.",Positive
Amazing: impressive turnaround time and very courteous support agent.,Positive
Frustrated: sad to see how downhill this restaurant has gone over time.,Negative
I cannot believe high price for extremely cheap and fragile plastic.,Negative
Schedule update: the meeting room is booked for the marketing presentation.,Neutral
"Honestly, the coffee here is brewed to absolute perfection.",Positive
Schedule update: the train leaves platform 4 at 14:30.,Neutral
"Wow, one of the best decisions i have made, totally worth every penny.",Positive
Official statement: users can reset their password by visiting the settings tab.,Neutral
Boring lecture with an unengaging and monotone speaker.,Negative
"Wow, so proud of my sister for graduating with honors! 🎓",Positive
So true: everything was delivered in perfect condition ahead of schedule.,Positive
Super glad that so happy with my results today! hard work pays off 🚀,Positive
Notice: there are 24 hours in a standard solar day.,Neutral
Fact: software version 2.4.1 was released earlier this morning.,Neutral
"Just wanted to post that fantastic atmosphere, friendly staff, and mouthwatering desserts.",Positive
"Sadly, empty promises and deceptive marketing practices.",Negative
Terrible: awful sound quality with annoying buzzing and distortion.,Negative
Status log: the temperature in the city today is 24 degrees celsius.,Neutral
"Without a doubt, flawless execution and very professional handling.",Positive
"Fed up: the hotel room was dirty, noisy, and had no hot water.",Negative
"FYI, the meeting room is booked for the marketing presentation.",Neutral
Official statement: the package arrived today at 3:00 pm.,Neutral
"Wow, got promoted today! thrilled and excited for the new journey 🎉",Positive
Terrible: loud and obnoxious neighbors kept me awake all night.,Negative
Notice: the speed limit on this section of the highway is 60 mph.,Neutral
"FYI, the store is open from monday to saturday from 9 am to 8 pm.",Neutral
"Just wanted to post that brilliant performance by the lead actors, standing ovation!",Positive
"Frustrated: worst customer support ever, waited two hours and got disconnected.",Negative
Update: please find attached the monthly financial report for review.,Neutral
"I have to say, loved the cinematography and soundtrack of the film. a masterpiece!",Positive
Fed up: so frustrated with the constant server outages today 😡,Negative
I cannot believe poorly engineered and dangerous to use around children.,Negative
Informational: the restaurant serves both vegetarian and non-vegetarian options.,Neutral
Review update: i really enjoyed this movie. it was amazing!,Positive
I cannot believe lost all my unsaved work because the software froze completely.,Negative
The restaurant serves both vegetarian and non-vegetarian options.,Neutral
I cannot believe received the wrong size and seller is ignoring all my emails.,Negative
"Honestly, generous discounts and great value for money.",Positive
Fact: the package weighs approximately 1.5 kilograms.,Neutral
"Honestly, super comfortable shoes, walked 10 miles without any pain.",Positive
"Honestly, i am so grateful for all the support and kindness today.",Positive
"Honestly, truly a five star experience in hospitality and comfort.",Positive
Update: the museum is located near the central railway station.,Neutral
"Review update: brilliant performance by the lead actors, standing ovation!",Positive
"FYI, the next train arrives in approximately 5 minutes.",Neutral
Informational: the museum is located near the central railway station.,Neutral
Note that the speed limit on this section of the highway is 60 mph.,Neutral
"Fed up: food was cold, stale, and smelled awful. disgusting!",Negative
Unhappy with the outcome after spending so many hours.,Negative
Generous discounts and great value for money.,Positive
Informational: the library operates on weekdays with restricted weekend hours.,Neutral
"Review warning: defective unit right out of the box, refuses to power on.",Negative
Registration closes on Friday at midnight.,Neutral
"Avoid this: i regret buying this item, worst decision ever made.",Negative
Super glad that the camera captures breathtaking detail even in low light.,Positive
Status log: the file size is 250 megabytes.,Neutral
Review update: this app has transformed my daily productivity completely.,Positive
I cannot believe sad to see how downhill this restaurant has gone over time.,Negative
System message: users can reset their password by visiting the settings tab.,Neutral
"Wow, such an inspiring and heartwarming story, touched my soul.",Positive
"FYI, today is wednesday, the third week of september.",Neutral
Status log: classes will resume following the national holiday break.,Neutral
"Frustrated: terrible battery drain, drops from 100% to 20% in two hours.",Negative
Disappointed: deeply upset and let down by how things were handled.,Negative
Review update: feeling blessed and excited for what tomorrow holds.,Positive
"I am so annoyed that the hotel room was dirty, noisy, and had no hot water.",Negative
"Wow, got promoted today! thrilled and excited for the new journey 🎉",Positive
Avoid this: the screen flickers uncontrollably and hurts my eyes.,Negative
Just wanted to post that feeling blessed and excited for what tomorrow holds.,Positive
Fed up: so angry about this sudden unjust price increase.,Negative
Update: the package weighs approximately 1.5 kilograms.,Neutral
System message: the temperature in the city today is 24 degrees celsius.,Neutral
Can confirm that exceptionally well-written code and spotless documentation.,Positive
Notice: the flight duration from new york to london is roughly 7 hours.,Neutral
"Terrible: very disappointed with the build quality, broke within two days.",Negative
So true: i cannot stop recommending this book to everyone i meet.,Positive
Avoid this: awful sound quality with annoying buzzing and distortion.,Negative
Super glad that super fast shipping and top notch quality packaging.,Positive
Fed up: cancelled my flight without prior notice or compensation.,Negative
"FYI, please find attached the monthly financial report for review.",Neutral
Review update: warmest greetings and lots of love to everyone having a good day.,Positive
Terrible: my account got locked for no reason and zero support available.,Negative
Terrible: sad to see how downhill this restaurant has gone over time.,Negative
"Fed up: i regret buying this item, worst decision ever made.",Negative
Frustrated: sad to see how downhill this restaurant has gone over time.,Negative
Super glad that impressive turnaround time and very courteous support agent.,Positive
"Without a doubt, feeling blessed and excited for what tomorrow holds.",Positive
"Amazing: great experience from start to finish, will definitely come back!",Positive
Note that the package includes a user manual and a warranty card.,Neutral
Avoid this: never felt so disrespected by a company's representative.,Negative
Fed up: terrible delay at the airport with zero information provided.,Negative
Amazing: got promoted today! thrilled and excited for the new journey 🎉,Positive
Warning: subscribed by mistake and they refuse to issue a refund.,Negative
"Without a doubt, i am so grateful for all the support and kindness today.",Positive
Update: the file size is 250 megabytes.,Neutral
Update: the new policy will take effect starting next month.,Neutral
"Wow, exceptionally well-written code and spotless documentation.",Positive
So true: everything was delivered in perfect condition ahead of schedule.,Positive
Feeling energetic and ready to conquer the week ahead ✨,Positive
"Warning: terrible acting, cheesy dialogues, and horrible cgi.",Negative
Just wanted to post that phenomenal sound quality with crystal clear treble and deep bass.,Positive
Can confirm that truly a five star experience in hospitality and comfort.,Positive
System message: users can reset their password by visiting the settings tab.,Neutral
Official statement: registration closes on friday at midnight.,Neutral
Review warning: such a sad and heartbreaking situation unfolding today.,Negative
"I have to say, this product is absolutely incredible, works like magic!",Positive
"Sadly, received the wrong size and seller is ignoring all my emails.",Negative
Fact: software version 2.4.1 was released earlier this morning.,Neutral
Review warning: horrific customer journey with confusing and broken links.,Negative
System message: the report was compiled using data from the previous quarter.,Neutral
"Amazing: clean, intuitive design and super responsive user interface.",Positive
The elevator is undergoing scheduled maintenance today.,Neutral
Notice: the parcel was deposited in your mailbox.,Neutral
Fact: the restaurant serves both vegetarian and non-vegetarian options.,Neutral
I cannot believe deeply upset and let down by how things were handled.,Negative
Terrible: horrific customer journey with confusing and broken links.,Negative
"FYI, the elevator is undergoing scheduled maintenance today.",Neutral
"Wow, my heart is full of gratitude and happiness today ❤️",Positive
Review warning: boring lecture with an unengaging and monotone speaker.,Negative
"FYI, software version 2.4.1 was released earlier this morning.",Neutral
The current exchange rate is 1 USD to 83.5 INR.,Neutral
"Without a doubt, generous discounts and great value for money.",Positive
"Avoid this: the taste was bitter, bland, and inedible. threw it away.",Negative
Frustrated: high price for extremely cheap and fragile plastic.,Negative
Informational: the museum is located near the central railway station.,Neutral
"I have to say, super comfortable shoes, walked 10 miles without any pain.",Positive
"I have to say, the new features in this update are so smooth and handy.",Positive
I am so annoyed that this product is terrible. complete waste of money!,Negative
Update: the flight duration from new york to london is roughly 7 hours.,Neutral
Review update: such a joyful celebration with the whole family!,Positive
Amazing: i am so grateful for all the support and kindness today.,Positive
Informational: this is an automated notification regarding your recent order.,Neutral
Can confirm that the new features in this update are so smooth and handy.,Positive
"Disappointed: the hotel room was dirty, noisy, and had no hot water.",Negative
Such a joyful celebration with the whole family!,Positive
Amazing: the battery life on this phone is truly unbelievable.,Positive
Note that water boils at 100 degrees celsius under standard atmospheric pressure.,Neutral
"Terrible: very disappointed with the build quality, broke within two days.",Negative
"Honestly, smooth transactions and instant confirmation, perfect service.",Positive
Status log: classes will resume following the national holiday break.,Neutral
Update: the museum is located near the central railway station.,Neutral
"Honestly, brilliant innovation that solves a real everyday problem.",Positive
Fed up: the movie was so boring and predictable. huge letdown.,Negative
Super glad that loved the cinematography and soundtrack of the film. a masterpiece!,Positive
"I am so annoyed that terrible acting, cheesy dialogues, and horrible cgi.",Negative
"Sadly, buggy, laggy, and completely unoptimized software.",Negative
I cannot believe completely useless feature that only adds unnecessary confusion.,Negative
Review warning: boring lecture with an unengaging and monotone speaker.,Negative
"Best purchase I have ever made this year, highly recommended.",Positive
Frustrated: awful sound quality with annoying buzzing and distortion.,Negative
Official statement: classes will resume following the national holiday break.,Neutral
"Wow, everything was delivered in perfect condition ahead of schedule.",Positive
"I have to say, phenomenal sound quality with crystal clear treble and deep bass.",Positive
Loved the cinematography and soundtrack of the film. A masterpiece!,Positive
Review warning: received the wrong size and seller is ignoring all my emails.,Negative
Notice: the printer is connected to the local wireless network.,Neutral
Disappointed: the tire went flat on the highway during heavy rain.,Negative
Warning: my account got locked for no reason and zero support available.,Negative
Exceptionally well-written code and spotless documentation.,Positive
Terrible: completely useless feature that only adds unnecessary confusion.,Negative
Review warning: completely useless feature that only adds unnecessary confusion.,Negative
System message: the experiment was conducted under controlled laboratory conditions.,Neutral
"I am so annoyed that very disappointed with the build quality, broke within two days.",Negative
The printer is connected to the local wireless network.,Neutral
Status log: the flight duration from new york to london is roughly 7 hours.,Neutral
"I cannot believe terrible battery drain, drops from 100% to 20% in two hours.",Negative
I am so annoyed that don't waste your time or hard earned money on this junk.,Negative
Fed up: the wifi is completely down again for the third time this week.,Negative
Disappointed: poorly engineered and dangerous to use around children.,Negative
Notice: the book contains twelve chapters and an index.,Neutral
Review warning: completely useless feature that only adds unnecessary confusion.,Negative
Amazing: super fast shipping and top notch quality packaging.,Positive
Just wanted to post that splendid craftsmanship and premium feel in the hand.,Positive
"Wow, exceptionally well-written code and spotless documentation.",Positive
"FYI, the system has been updated with the latest security patches.",Neutral
Status log: registration closes on friday at midnight.,Neutral
Avoid this: so frustrated with the constant server outages today 😡,Negative
Notice: there are 24 hours in a standard solar day.,Neutral
"Terrible: terrible battery drain, drops from 100% to 20% in two hours.",Negative
Update: the printer is connected to the local wireless network.,Neutral
"Wow, kudos to the entire development team for this wonderful update.",Positive
Review warning: the wifi is completely down again for the third time this week.,Negative
Can confirm that brilliant innovation that solves a real everyday problem.,Positive
Frustrated: don't waste your time or hard earned money on this junk.,Negative
Notice: the speed limit on this section of the highway is 60 mph.,Neutral
"Honestly, such an inspiring and heartwarming story, touched my soul.",Positive
So true: so proud of my sister for graduating with honors! 🎓,Positive
Notice: the restaurant serves both vegetarian and non-vegetarian options.,Neutral
I am so annoyed that lost all my unsaved work because the software froze completely.,Negative
"Honestly, five stars! exceeded all my expectations.",Positive
Official statement: registration closes on friday at midnight.,Neutral
Avoid this: misplaced my luggage and nobody is taking responsibility.,Negative
Avoid this: such a sad and heartbreaking situation unfolding today.,Negative
Status log: the bus stops at main street every fifteen minutes.,Neutral
"Note that today is wednesday, the third week of september.",Neutral
System message: the train leaves platform 4 at 14:30.,Neutral
"FYI, the next train arrives in approximately 5 minutes.",Neutral
"FYI, the conference will feature speakers from various tech companies.",Neutral
Review warning: awful sound quality with annoying buzzing and distortion.,Negative
Review warning: deeply upset and let down by how things were handled.,Negative
"Honestly, best purchase i have ever made this year, highly recommended.",Positive
"Wow, beautiful sunset view from my balcony this evening 🌅",Positive
"Avoid this: defective unit right out of the box, refuses to power on.",Negative
I am so annoyed that cancelled my flight without prior notice or compensation.,Negative
Frustrated: the movie was so boring and predictable. huge letdown.,Negative
"Fed up: terrible acting, cheesy dialogues, and horrible cgi.",Negative
Just wanted to post that my heart is full of gratitude and happiness today ❤️,Positive
"Honestly, this app has transformed my daily productivity completely.",Positive
"Sadly, disgusted by the poor hygiene standards at this venue.",Negative
Review update: everything was delivered in perfect condition ahead of schedule.,Positive
Sad to see how downhill this restaurant has gone over time.,Negative
"Sadly, disgusted by the poor hygiene standards at this venue.",Negative
Update: the article discusses historical events from the 19th century.,Neutral
Flawless execution and very professional handling.,Positive
"Frustrated: terrible battery drain, drops from 100% to 20% in two hours.",Negative
Schedule update: the meeting room is booked for the marketing presentation.,Neutral
The next train arrives in approximately 5 minutes.,Neutral
"Fed up: the fabric feels rough, itchy, and shrank in the first wash.",Negative
"Avoid this: terrible battery drain, drops from 100% to 20% in two hours.",Negative
Super glad that exceptionally well-written code and spotless documentation.,Positive
Empty promises and deceptive marketing practices.,Negative
Note that the meeting has been rescheduled for next tuesday at 10 am.,Neutral
Official statement: this document outlines the standard operating procedures.,Neutral
Schedule update: users can reset their password by visiting the settings tab.,Neutral
Schedule update: all visitors are required to sign in at the front reception.,Neutral
Fed up: rude and unhelpful staff who refused to assist with my return.,Negative
"Disappointed: the hotel room was dirty, noisy, and had no hot water.",Negative
Disappointed: received the wrong size and seller is ignoring all my emails.,Negative
"Frustrated: the story was depressing, incoherent, and pointless.",Negative
"Schedule update: the document is available in pdf, docx, and txt formats.",Neutral
Status log: the system has been updated with the latest security patches.,Neutral
Note that the survey consists of ten multiple-choice questions.,Neutral
"FYI, the report was compiled using data from the previous quarter.",Neutral
Update: the restaurant serves both vegetarian and non-vegetarian options.,Neutral
Terrible: don't waste your time or hard earned money on this junk.,Negative
Fed up: lost all my unsaved work because the software froze completely.,Negative
"Terrible acting, cheesy dialogues, and horrible CGI.",Negative
"Fantastic atmosphere, friendly staff, and mouthwatering desserts.",Positive
Frustrated: high price for extremely cheap and fragile plastic.,Negative
I cannot believe cancelled my flight without prior notice or compensation.,Negative
Update: the current exchange rate is 1 usd to 83.5 inr.,Neutral
The app keeps crashing constantly after the latest buggy update.,Negative
Just wanted to post that what a thrilling win for our team in the championship finals!,Positive
"Super glad that had a wonderful time with friends today, blessed! 😊",Positive
"Schedule update: the car has driven 45,000 miles since manufacture.",Neutral
Review update: flawless execution and very professional handling.,Positive
"Delicious food and exceptional ambiance, 10/10!",Positive
Frustrated: the movie was so boring and predictable. huge letdown.,Negative
Notice: this is an automated notification regarding your recent order.,Neutral
"Honestly, super comfortable shoes, walked 10 miles without any pain.",Positive
"Super helpful tutorial, explained complex topics with such ease.",Positive
I cannot believe misplaced my luggage and nobody is taking responsibility.,Negative
The temperature in the city today is 24 degrees Celsius.,Neutral
"I have to say, truly a five star experience in hospitality and comfort.",Positive
Fed up: unhappy with the outcome after spending so many hours.,Negative
I cannot believe rude and unhelpful staff who refused to assist with my return.,Negative
Review update: everything was delivered in perfect condition ahead of schedule.,Positive
Frustrated: extremely slow delivery and package arrived badly crushed.,Negative
"Wow, smooth transactions and instant confirmation, perfect service.",Positive
System message: the train leaves platform 4 at 14:30.,Neutral
Terrible: i feel terrible and exhausted after that frustrating meeting.,Negative
Avoid this: extremely painful headache and feeling sick all afternoon.,Negative
"Terrible: buggy, laggy, and completely unoptimized software.",Negative
"Wow, so proud of my sister for graduating with honors! 🎓",Positive
Informational: there are 24 hours in a standard solar day.,Neutral
Disappointed: such a sad and heartbreaking situation unfolding today.,Negative
Official statement: the new policy will take effect starting next month.,Neutral
"Without a doubt, best purchase i have ever made this year, highly recommended.",Positive
Schedule update: the battery is currently charged to 65 percent.,Neutral
"I have to say, flawless execution and very professional handling.",Positive
Warning: boring lecture with an unengaging and monotone speaker.,Negative
Misleading advertisements and hidden fees everywhere.,Negative
"I cannot believe worst customer support ever, waited two hours and got disconnected.",Negative
Completely useless feature that only adds unnecessary confusion.,Negative
Fed up: sad to see how downhill this restaurant has gone over time.,Negative
Official statement: the system has been updated with the latest security patches.,Neutral
"I have to say, warmest greetings and lots of love to everyone having a good day.",Positive
"Fed up: total scam, the item looks nothing like the picture online.",Negative
Informational: the next train arrives in approximately 5 minutes.,Neutral
Terrible: unhappy with the outcome after spending so many hours.,Negative
"Sadly, the tire went flat on the highway during heavy rain.",Negative
Note that the current exchange rate is 1 usd to 83.5 inr.,Neutral
Users can reset their password by visiting the settings tab.,Neutral
The graphics in this game are stunning and immersive.,Positive
The lecture covers fundamental concepts of linear algebra.,Neutral
"Disappointed: food was cold, stale, and smelled awful. disgusting!",Negative
"Very disappointed with the build quality, broke within two days.",Negative
Avoid this: so angry about this sudden unjust price increase.,Negative
Awful sound quality with annoying buzzing and distortion.,Negative
I cannot believe the app keeps crashing constantly after the latest buggy update.,Negative
Fed up: completely useless feature that only adds unnecessary confusion.,Negative
Can confirm that warmest greetings and lots of love to everyone having a good day.,Positive
The package includes a user manual and a warranty card.,Neutral
Fact: this is an automated notification regarding your recent order.,Neutral
"Wow, brilliant innovation that solves a real everyday problem.",Positive
The table dimensions are 120 cm length by 60 cm width.,Neutral
Never felt so disrespected by a company's representative.,Negative
"Honestly, this product is absolutely incredible, works like magic!",Positive
Fed up: misplaced my luggage and nobody is taking responsibility.,Negative
"I am so annoyed that horrible experience, i will never buy from this seller again.",Negative
Fed up: such a sad and heartbreaking situation unfolding today.,Negative
"Without a doubt, brilliant performance by the lead actors, standing ovation!",Positive
Disappointed: subscribed by mistake and they refuse to issue a refund.,Negative
"FYI, the server is operating within normal temperature parameters.",Neutral
"I am so annoyed that the controls are clunky, laggy, and unresponsive.",Negative
Fact: software version 2.4.1 was released earlier this morning.,Neutral
Note that the article discusses historical events from the 19th century.,Neutral
The tire went flat on the highway during heavy rain.,Negative
Notice: the museum is located near the central railway station.,Neutral
Official statement: the package includes a user manual and a warranty card.,Neutral
Just wanted to post that the concert last night was pure electric euphoria 🎸,Positive
The product contains 100% cotton and is machine washable.,Neutral
Notice: all visitors are required to sign in at the front reception.,Neutral
High price for extremely cheap and fragile plastic.,Negative
Frustrated: the tire went flat on the highway during heavy rain.,Negative
Update: there are 24 hours in a standard solar day.,Neutral
Can confirm that i am so grateful for all the support and kindness today.,Positive
Just wanted to post that the concert last night was pure electric euphoria 🎸,Positive
"FYI, the system has been updated with the latest security patches.",Neutral
"Review warning: the taste was bitter, bland, and inedible. threw it away.",Negative
Amazing: feeling energetic and ready to conquer the week ahead ✨,Positive
Warning: the screen flickers uncontrollably and hurts my eyes.,Negative
Disappointed: unhappy with the outcome after spending so many hours.,Negative
Terrible: empty promises and deceptive marketing practices.,Negative
"Status log: the car has driven 45,000 miles since manufacture.",Neutral
Informational: the report was compiled using data from the previous quarter.,Neutral
"Frustrated: total scam, the item looks nothing like the picture online.",Negative
The report was compiled using data from the previous quarter.,Neutral
"Warning: the controls are clunky, laggy, and unresponsive.",Negative
Avoid this: extremely painful headache and feeling sick all afternoon.,Negative
Disappointed: deeply upset and let down by how things were handled.,Negative
Avoid this: lost all my unsaved work because the software froze completely.,Negative
Note that the next train arrives in approximately 5 minutes.,Neutral
Horrific customer journey with confusing and broken links.,Negative
Warmest greetings and lots of love to everyone having a good day.,Positive
I am so annoyed that cancelled my flight without prior notice or compensation.,Negative
Notice: the battery is currently charged to 65 percent.,Neutral
Notice: the experiment was conducted under controlled laboratory conditions.,Neutral
"FYI, this document outlines the standard operating procedures.",Neutral
Super glad that got promoted today! thrilled and excited for the new journey 🎉,Positive
"Frustrated: i regret buying this item, worst decision ever made.",Negative
I really enjoyed this movie. It was amazing!,Positive
Fact: this document outlines the standard operating procedures.,Neutral
"I am so annoyed that worst customer support ever, waited two hours and got disconnected.",Negative
Warning: i feel terrible and exhausted after that frustrating meeting.,Negative
"Buggy, laggy, and completely unoptimized software.",Negative
"I cannot believe very disappointed with the build quality, broke within two days.",Negative
"Sadly, the wifi is completely down again for the third time this week.",Negative
"Disappointed: terrible battery drain, drops from 100% to 20% in two hours.",Negative
Note that the server is operating within normal temperature parameters.,Neutral
Just wanted to post that the concert last night was pure electric euphoria 🎸,Positive
"FYI, the new policy will take effect starting next month.",Neutral
Can confirm that so proud of my sister for graduating with honors! 🎓,Positive
Super glad that generous discounts and great value for money.,Positive
Fact: the package arrived today at 3:00 pm.,Neutral
Schedule update: please find attached the monthly financial report for review.,Neutral
Review update: impressive turnaround time and very courteous support agent.,Positive
"I cannot believe terrible battery drain, drops from 100% to 20% in two hours.",Negative
Note that the product contains 100% cotton and is machine washable.,Neutral
Please find attached the monthly financial report for review.,Neutral
I cannot believe unhappy with the outcome after spending so many hours.,Negative
Review warning: awful sound quality with annoying buzzing and distortion.,Negative
Review warning: the wifi is completely down again for the third time this week.,Negative
"The hotel room was dirty, noisy, and had no hot water.",Negative
System message: the product contains 100% cotton and is machine washable.,Neutral
"FYI, the bus stops at main street every fifteen minutes.",Neutral
Disappointed: extremely painful headache and feeling sick all afternoon.,Negative
The book contains twelve chapters and an index.,Neutral
"Wow, what a thrilling win for our team in the championship finals!",Positive
"Sadly, extremely painful headache and feeling sick all afternoon.",Negative
"I am so annoyed that the story was depressing, incoherent, and pointless.",Negative
Review warning: completely useless feature that only adds unnecessary confusion.,Negative
Notice: the table dimensions are 120 cm length by 60 cm width.,Neutral
Informational: the temperature in the city today is 24 degrees celsius.,Neutral
"I am so annoyed that the hotel room was dirty, noisy, and had no hot water.",Negative
"Without a doubt, impressive turnaround time and very courteous support agent.",Positive
This app has transformed my daily productivity completely.,Positive
Note that this is an automated notification regarding your recent order.,Neutral
System message: software version 2.4.1 was released earlier this morning.,Neutral
"FYI, the store is open from monday to saturday from 9 am to 8 pm.",Neutral
System message: the table dimensions are 120 cm length by 60 cm width.,Neutral
Frustrated: the screen flickers uncontrollably and hurts my eyes.,Negative
"Without a doubt, super fast shipping and top notch quality packaging.",Positive
Review update: flawless execution and very professional handling.,Positive
So true: feeling energetic and ready to conquer the week ahead ✨,Positive
Review warning: i feel terrible and exhausted after that frustrating meeting.,Negative
Super glad that kudos to the entire development team for this wonderful update.,Positive
So true: warmest greetings and lots of love to everyone having a good day.,Positive
"FYI, the car has driven 45,000 miles since manufacture.",Neutral
Warning: i feel terrible and exhausted after that frustrating meeting.,Negative
"I am so annoyed that worst customer support ever, waited two hours and got disconnected.",Negative
Update: the current exchange rate is 1 usd to 83.5 inr.,Neutral
"Honestly, the customer service was outstanding and extremely helpful.",Positive
"Status log: the car has driven 45,000 miles since manufacture.",Neutral
Official statement: registration closes on friday at midnight.,Neutral
"Sadly, the screen flickers uncontrollably and hurts my eyes.",Negative
"Amazing: this product is absolutely incredible, works like magic!",Positive
Warning: the tire went flat on the highway during heavy rain.,Negative
"Frustrated: the fabric feels rough, itchy, and shrank in the first wash.",Negative
Update: the elevator is undergoing scheduled maintenance today.,Neutral
"Sadly, so angry about this sudden unjust price increase.",Negative
System message: registration closes on friday at midnight.,Neutral
Avoid this: received the wrong size and seller is ignoring all my emails.,Negative
"Frustrated: the controls are clunky, laggy, and unresponsive.",Negative
Note that the package includes a user manual and a warranty card.,Neutral
Terrible: extremely slow delivery and package arrived badly crushed.,Negative
"Disappointed: the controls are clunky, laggy, and unresponsive.",Negative
Can confirm that warmest greetings and lots of love to everyone having a good day.,Positive
System message: the survey consists of ten multiple-choice questions.,Neutral
Informational: the survey consists of ten multiple-choice questions.,Neutral
Avoid this: so frustrated with the constant server outages today 😡,Negative
Official statement: the printer is connected to the local wireless network.,Neutral
Terrible: subscribed by mistake and they refuse to issue a refund.,Negative
Notice: all visitors are required to sign in at the front reception.,Neutral
Schedule update: the product contains 100% cotton and is machine washable.,Neutral
"Honestly, had a wonderful time with friends today, blessed! 😊",Positive
"Without a doubt, flawless execution and very professional handling.",Positive
Note that the survey consists of ten multiple-choice questions.,Neutral
Poorly engineered and dangerous to use around children.,Negative
Notice: press the power button once to turn the device on or off.,Neutral
Terrible: lost all my unsaved work because the software froze completely.,Negative
"Wow, truly a five star experience in hospitality and comfort.",Positive
"Sadly, the story was depressing, incoherent, and pointless.",Negative
Note that the parcel was deposited in your mailbox.,Neutral
Extremely slow delivery and package arrived badly crushed.,Negative
The video has a runtime of 45 minutes and 30 seconds.,Neutral
I cannot believe loud and obnoxious neighbors kept me awake all night.,Negative
Can confirm that warmest greetings and lots of love to everyone having a good day.,Positive
I am so annoyed that the screen flickers uncontrollably and hurts my eyes.,Negative
Fed up: extremely painful headache and feeling sick all afternoon.,Negative
"Review update: such an inspiring and heartwarming story, touched my soul.",Positive
"Terrible: food was cold, stale, and smelled awful. disgusting!",Negative
"Sadly, never felt so disrespected by a company's representative.",Negative
"So true: super helpful tutorial, explained complex topics with such ease.",Positive
"Terrible: the fabric feels rough, itchy, and shrank in the first wash.",Negative
"Notice: today is wednesday, the third week of september.",Neutral
Informational: the next train arrives in approximately 5 minutes.,Neutral
I am so annoyed that my account got locked for no reason and zero support available.,Negative
Avoid this: extremely slow delivery and package arrived badly crushed.,Negative
"I have to say, such a joyful celebration with the whole family!",Positive
"Review warning: buggy, laggy, and completely unoptimized software.",Negative
Amazing: this app has transformed my daily productivity completely.,Positive
Can confirm that super fast shipping and top notch quality packaging.,Positive
"Disappointed: very disappointed with the build quality, broke within two days.",Negative
Can confirm that beautiful sunset view from my balcony this evening 🌅,Positive
Review warning: deeply upset and let down by how things were handled.,Negative
What a thrilling win for our team in the championship finals!,Positive
Fact: the conference will feature speakers from various tech companies.,Neutral
Loud and obnoxious neighbors kept me awake all night.,Negative
Terrible: terrible delay at the airport with zero information provided.,Negative
Super glad that loved the cinematography and soundtrack of the film. a masterpiece!,Positive
Update: the lecture covers fundamental concepts of linear algebra.,Neutral
Note that the conference will feature speakers from various tech companies.,Neutral
"Can confirm that smooth transactions and instant confirmation, perfect service.",Positive
Schedule update: the store is open from monday to saturday from 9 am to 8 pm.,Neutral
"So true: great experience from start to finish, will definitely come back!",Positive
System message: software version 2.4.1 was released earlier this morning.,Neutral
"I have to say, truly a five star experience in hospitality and comfort.",Positive
Can confirm that what a thrilling win for our team in the championship finals!,Positive
"FYI, the elevator is undergoing scheduled maintenance today.",Neutral
Got promoted today! Thrilled and excited for the new journey 🎉,Positive
Review update: everything was delivered in perfect condition ahead of schedule.,Positive
I cannot believe terrible delay at the airport with zero information provided.,Negative
"Note that the document is available in pdf, docx, and txt formats.",Neutral
"I have to say, the coffee here is brewed to absolute perfection.",Positive
Super glad that five stars! exceeded all my expectations.,Positive
"Can confirm that clean, intuitive design and super responsive user interface.",Positive
Fact: the meeting room is booked for the marketing presentation.,Neutral
I cannot believe the movie was so boring and predictable. huge letdown.,Negative
"Wow, feeling energetic and ready to conquer the week ahead ✨",Positive
Can confirm that generous discounts and great value for money.,Positive
I am so annoyed that the movie was so boring and predictable. huge letdown.,Negative
"Just wanted to post that super helpful tutorial, explained complex topics with such ease.",Positive
Update: the table dimensions are 120 cm length by 60 cm width.,Neutral
Schedule update: the package includes a user manual and a warranty card.,Neutral
"Honestly, i really enjoyed this movie. it was amazing!",Positive
Frustrated: extremely slow delivery and package arrived badly crushed.,Negative
"Warning: defective unit right out of the box, refuses to power on.",Negative
Notice: the table dimensions are 120 cm length by 60 cm width.,Neutral
Informational: the elevator is undergoing scheduled maintenance today.,Neutral
Review warning: completely useless feature that only adds unnecessary confusion.,Negative
Official statement: the temperature in the city today is 24 degrees celsius.,Neutral
"I am so annoyed that the taste was bitter, bland, and inedible. threw it away.",Negative
"Just wanted to post that super comfortable shoes, walked 10 miles without any pain.",Positive
Terrible: unhappy with the outcome after spending so many hours.,Negative
Can confirm that impressive turnaround time and very courteous support agent.,Positive
"Wow, this app has transformed my daily productivity completely.",Positive
"So true: brilliant performance by the lead actors, standing ovation!",Positive
Software version 2.4.1 was released earlier this morning.,Neutral
"Without a doubt, best purchase i have ever made this year, highly recommended.",Positive
"Notice: the car has driven 45,000 miles since manufacture.",Neutral
Status log: the report was compiled using data from the previous quarter.,Neutral
"Note that today is wednesday, the third week of september.",Neutral
Note that classes will resume following the national holiday break.,Neutral
"Without a doubt, super helpful tutorial, explained complex topics with such ease.",Positive
Update: the experiment was conducted under controlled laboratory conditions.,Neutral
Fact: water boils at 100 degrees celsius under standard atmospheric pressure.,Neutral
"FYI, the video has a runtime of 45 minutes and 30 seconds.",Neutral
Frustrated: my account got locked for no reason and zero support available.,Negative
System message: all visitors are required to sign in at the front reception.,Neutral
Status log: the table dimensions are 120 cm length by 60 cm width.,Neutral
Official statement: the package arrived today at 3:00 pm.,Neutral
Note that all visitors are required to sign in at the front reception.,Neutral
Schedule update: the report was compiled using data from the previous quarter.,Neutral
Can confirm that the customer service was outstanding and extremely helpful.,Positive
Note that water boils at 100 degrees celsius under standard atmospheric pressure.,Neutral
Cancelled my flight without prior notice or compensation.,Negative
Update: the report was compiled using data from the previous quarter.,Neutral
Note that the next train arrives in approximately 5 minutes.,Neutral
I am so annoyed that so angry about this sudden unjust price increase.,Negative
Can confirm that the new features in this update are so smooth and handy.,Positive
Notice: the restaurant serves both vegetarian and non-vegetarian options.,Neutral
"Without a doubt, the graphics in this game are stunning and immersive.",Positive
I cannot believe terrible delay at the airport with zero information provided.,Negative
Schedule update: the restaurant serves both vegetarian and non-vegetarian options.,Neutral
Official statement: the book contains twelve chapters and an index.,Neutral
"Terrible battery drain, drops from 100% to 20% in two hours.",Negative
I am so annoyed that boring lecture with an unengaging and monotone speaker.,Negative
Official statement: press the power button once to turn the device on or off.,Neutral
"Terrible: the story was depressing, incoherent, and pointless.",Negative
"Just wanted to post that one of the best decisions i have made, totally worth every penny.",Positive
"FYI, the speed limit on this section of the highway is 60 mph.",Neutral
"Super comfortable shoes, walked 10 miles without any pain.",Positive
Official statement: the battery is currently charged to 65 percent.,Neutral
"Avoid this: the hotel room was dirty, noisy, and had no hot water.",Negative
Informational: the printer is connected to the local wireless network.,Neutral
"Avoid this: horrible experience, i will never buy from this seller again.",Negative
"Terrible: terrible acting, cheesy dialogues, and horrible cgi.",Negative
Just wanted to post that the camera captures breathtaking detail even in low light.,Positive
Official statement: the elevator is undergoing scheduled maintenance today.,Neutral
Amazing: generous discounts and great value for money.,Positive
"Wow, five stars! exceeded all my expectations.",Positive
Just wanted to post that so happy with my results today! hard work pays off 🚀,Positive
Disappointed: cancelled my flight without prior notice or compensation.,Negative
"Honestly, kudos to the entire development team for this wonderful update.",Positive
Fact: the conference will feature speakers from various tech companies.,Neutral
"Sadly, rude and unhelpful staff who refused to assist with my return.",Negative
Official statement: the speed limit on this section of the highway is 60 mph.,Neutral
Note that the device connects via bluetooth 5.0 and usb type-c.,Neutral
"Without a doubt, feeling blessed and excited for what tomorrow holds.",Positive
Terrible: cancelled my flight without prior notice or compensation.,Negative
"FYI, software version 2.4.1 was released earlier this morning.",Neutral
"Just wanted to post that clean, intuitive design and super responsive user interface.",Positive
Water boils at 100 degrees Celsius under standard atmospheric pressure.,Neutral
"FYI, the report was compiled using data from the previous quarter.",Neutral
"I cannot believe the hotel room was dirty, noisy, and had no hot water.",Negative
"Frustrated: i regret buying this item, worst decision ever made.",Negative
"I have to say, the customer service was outstanding and extremely helpful.",Positive
"Sadly, i regret buying this item, worst decision ever made.",Negative
The screen flickers uncontrollably and hurts my eyes.,Negative
Warning: subscribed by mistake and they refuse to issue a refund.,Negative
Update: registration closes on friday at midnight.,Neutral
I am so annoyed that awful sound quality with annoying buzzing and distortion.,Negative
"So true: best purchase i have ever made this year, highly recommended.",Positive
So true: feeling blessed and excited for what tomorrow holds.,Positive
Frustrated: the wifi is completely down again for the third time this week.,Negative
System message: the lecture covers fundamental concepts of linear algebra.,Neutral
"Great experience from start to finish, will definitely come back!",Positive
Terrible: boring lecture with an unengaging and monotone speaker.,Negative
Note that all visitors are required to sign in at the front reception.,Neutral
"Can confirm that clean, intuitive design and super responsive user interface.",Positive
Status log: the file size is 250 megabytes.,Neutral
"Warning: worst customer support ever, waited two hours and got disconnected.",Negative
"Sadly, loud and obnoxious neighbors kept me awake all night.",Negative
I am so annoyed that misplaced my luggage and nobody is taking responsibility.,Negative
Just wanted to post that got promoted today! thrilled and excited for the new journey 🎉,Positive
I am so annoyed that the screen flickers uncontrollably and hurts my eyes.,Negative
Notice: the meeting has been rescheduled for next tuesday at 10 am.,Neutral
Just wanted to post that this app has transformed my daily productivity completely.,Positive
Status log: the book contains twelve chapters and an index.,Neutral
"Wow, super comfortable shoes, walked 10 miles without any pain.",Positive
Note that the recipe calls for two cups of flour and one teaspoon of salt.,Neutral
Review update: the plot twist at the end blew my mind! absolutely genius.,Positive
Just wanted to post that the camera captures breathtaking detail even in low light.,Positive
"FYI, the current exchange rate is 1 usd to 83.5 inr.",Neutral
Disappointed: don't waste your time or hard earned money on this junk.,Negative
Fact: the experiment was conducted under controlled laboratory conditions.,Neutral
Schedule update: the bus stops at main street every fifteen minutes.,Neutral
Super glad that i am so grateful for all the support and kindness today.,Positive
Terrible: the movie was so boring and predictable. huge letdown.,Negative
"I have to say, great experience from start to finish, will definitely come back!",Positive
Just wanted to post that brilliant innovation that solves a real everyday problem.,Positive
"Honestly, best purchase i have ever made this year, highly recommended.",Positive
I cannot believe poorly engineered and dangerous to use around children.,Negative
Notice: the video has a runtime of 45 minutes and 30 seconds.,Neutral
"Frustrated: the story was depressing, incoherent, and pointless.",Negative
Beautiful sunset view from my balcony this evening 🌅,Positive
"I am so annoyed that horrible experience, i will never buy from this seller again.",Negative
"I am so annoyed that terrible acting, cheesy dialogues, and horrible cgi.",Negative
Schedule update: the device connects via bluetooth 5.0 and usb type-c.,Neutral
Note that the restaurant serves both vegetarian and non-vegetarian options.,Neutral
Super glad that i adore how sleek and modern this looks on my desk.,Positive
Update: registration closes on friday at midnight.,Neutral
Can confirm that i cannot stop recommending this book to everyone i meet.,Positive
"I am so annoyed that the controls are clunky, laggy, and unresponsive.",Negative
"Honestly, great experience from start to finish, will definitely come back!",Positive
"Honestly, fantastic atmosphere, friendly staff, and mouthwatering desserts.",Positive
Avoid this: extremely slow delivery and package arrived badly crushed.,Negative
Informational: the library operates on weekdays with restricted weekend hours.,Neutral
Frustrated: deeply upset and let down by how things were handled.,Negative
Disgusted by the poor hygiene standards at this venue.,Negative
"FYI, software version 2.4.1 was released earlier this morning.",Neutral
So true: the concert last night was pure electric euphoria 🎸,Positive
Amazing: the graphics in this game are stunning and immersive.,Positive
Can confirm that brilliant innovation that solves a real everyday problem.,Positive
Update: software version 2.4.1 was released earlier this morning.,Neutral
I cannot believe boring lecture with an unengaging and monotone speaker.,Negative
"I have to say, what a thrilling win for our team in the championship finals!",Positive
Avoid this: boring lecture with an unengaging and monotone speaker.,Negative
"Without a doubt, best purchase i have ever made this year, highly recommended.",Positive
Super glad that truly a five star experience in hospitality and comfort.,Positive
"Review update: fantastic atmosphere, friendly staff, and mouthwatering desserts.",Positive
Official statement: the meeting room is booked for the marketing presentation.,Neutral
"Honestly, exceptionally well-written code and spotless documentation.",Positive
Informational: the system has been updated with the latest security patches.,Neutral
Informational: the train leaves platform 4 at 14:30.,Neutral
Super glad that feeling energetic and ready to conquer the week ahead ✨,Positive
I am so annoyed that so angry about this sudden unjust price increase.,Negative
Notice: the lecture covers fundamental concepts of linear algebra.,Neutral
"Sadly, misleading advertisements and hidden fees everywhere.",Negative
"I have to say, my heart is full of gratitude and happiness today ❤️",Positive
System message: the flight duration from new york to london is roughly 7 hours.,Neutral
Avoid this: misplaced my luggage and nobody is taking responsibility.,Negative
"Disappointed: i regret buying this item, worst decision ever made.",Negative
"Disappointed: worst customer support ever, waited two hours and got disconnected.",Negative
"Warning: the hotel room was dirty, noisy, and had no hot water.",Negative
"I have to say, warmest greetings and lots of love to everyone having a good day.",Positive
Avoid this: loud and obnoxious neighbors kept me awake all night.,Negative
"Sadly, disgusted by the poor hygiene standards at this venue.",Negative
"Wow, so happy with my results today! hard work pays off 🚀",Positive
Official statement: the package arrived today at 3:00 pm.,Neutral
Super glad that i adore how sleek and modern this looks on my desk.,Positive
This document outlines the standard operating procedures.,Neutral
Informational: classes will resume following the national holiday break.,Neutral
Informational: this is an automated notification regarding your recent order.,Neutral
"So true: one of the best decisions i have made, totally worth every penny.",Positive
Warning: never felt so disrespected by a company's representative.,Negative
There are 24 hours in a standard solar day.,Neutral
"Review warning: horrible experience, i will never buy from this seller again.",Negative
"Review warning: total scam, the item looks nothing like the picture online.",Negative
Super glad that the plot twist at the end blew my mind! absolutely genius.,Positive
"Disappointed: i regret buying this item, worst decision ever made.",Negative
"Note that the car has driven 45,000 miles since manufacture.",Neutral
I cannot believe the app keeps crashing constantly after the latest buggy update.,Negative
"I have to say, the plot twist at the end blew my mind! absolutely genius.",Positive
Terrible: received the wrong size and seller is ignoring all my emails.,Negative
Status log: this document outlines the standard operating procedures.,Neutral
Brilliant innovation that solves a real everyday problem.,Positive
"Honestly, i cannot stop recommending this book to everyone i meet.",Positive
Just wanted to post that everything was delivered in perfect condition ahead of schedule.,Positive
Frustrated: misplaced my luggage and nobody is taking responsibility.,Negative
"Update: the document is available in pdf, docx, and txt formats.",Neutral
Just wanted to post that i cannot stop recommending this book to everyone i meet.,Positive
"Wow, five stars! exceeded all my expectations.",Positive
Note that this is an automated notification regarding your recent order.,Neutral
The customer service was outstanding and extremely helpful.,Positive
Schedule update: the train leaves platform 4 at 14:30.,Neutral
Super glad that splendid craftsmanship and premium feel in the hand.,Positive
Status log: the conference will feature speakers from various tech companies.,Neutral
"Wow, splendid craftsmanship and premium feel in the hand.",Positive
Notice: the survey consists of ten multiple-choice questions.,Neutral
System message: the parcel was deposited in your mailbox.,Neutral
System message: the product contains 100% cotton and is machine washable.,Neutral
"Honestly, fantastic atmosphere, friendly staff, and mouthwatering desserts.",Positive
Avoid this: terrible delay at the airport with zero information provided.,Negative
Terrible: boring lecture with an unengaging and monotone speaker.,Negative
"Without a doubt, the customer service was outstanding and extremely helpful.",Positive
"Review update: brilliant performance by the lead actors, standing ovation!",Positive
Can confirm that i am so grateful for all the support and kindness today.,Positive
Amazing: the battery life on this phone is truly unbelievable.,Positive
This is an automated notification regarding your recent order.,Neutral
Avoid this: subscribed by mistake and they refuse to issue a refund.,Negative
Amazing: the battery life on this phone is truly unbelievable.,Positive
"FYI, today is wednesday, the third week of september.",Neutral
This product is terrible. Complete waste of money!,Negative
"Super glad that delicious food and exceptional ambiance, 10/10!",Positive
"Informational: the document is available in pdf, docx, and txt formats.",Neutral
Review warning: such a sad and heartbreaking situation unfolding today.,Negative
"I have to say, fantastic atmosphere, friendly staff, and mouthwatering desserts.",Positive
Warning: don't waste your time or hard earned money on this junk.,Negative
Status log: this document outlines the standard operating procedures.,Neutral
Amazing: the concert last night was pure electric euphoria 🎸,Positive
"Sadly, the story was depressing, incoherent, and pointless.",Negative
I cannot believe the movie was so boring and predictable. huge letdown.,Negative
Avoid this: deeply upset and let down by how things were handled.,Negative
"Warning: terrible battery drain, drops from 100% to 20% in two hours.",Negative
"I have to say, the concert last night was pure electric euphoria 🎸",Positive
Five stars! Exceeded all my expectations.,Positive
"I am so annoyed that defective unit right out of the box, refuses to power on.",Negative
The plot twist at the end blew my mind! Absolutely genius.,Positive
"Honestly, had a wonderful time with friends today, blessed! 😊",Positive
"Warning: terrible acting, cheesy dialogues, and horrible cgi.",Negative
Notice: the product contains 100% cotton and is machine washable.,Neutral
Schedule update: the recipe calls for two cups of flour and one teaspoon of salt.,Neutral
"I have to say, the concert last night was pure electric euphoria 🎸",Positive
Disappointed: terrible delay at the airport with zero information provided.,Negative
"Wow, super fast shipping and top notch quality packaging.",Positive
"Review warning: horrible experience, i will never buy from this seller again.",Negative
Just wanted to post that feeling energetic and ready to conquer the week ahead ✨,Positive
System message: this is an automated notification regarding your recent order.,Neutral
Review warning: so angry about this sudden unjust price increase.,Negative
I am so annoyed that sad to see how downhill this restaurant has gone over time.,Negative
"I cannot believe terrible acting, cheesy dialogues, and horrible cgi.",Negative
Just wanted to post that impressive turnaround time and very courteous support agent.,Positive
Review update: truly a five star experience in hospitality and comfort.,Positive
Amazing: exceptionally well-written code and spotless documentation.,Positive
Super glad that the customer service was outstanding and extremely helpful.,Positive
"Avoid this: terrible battery drain, drops from 100% to 20% in two hours.",Negative
Schedule update: the train leaves platform 4 at 14:30.,Neutral
Notice: the library operates on weekdays with restricted weekend hours.,Neutral
"Honestly, such a joyful celebration with the whole family!",Positive
Disappointed: empty promises and deceptive marketing practices.,Negative
"Just wanted to post that brilliant performance by the lead actors, standing ovation!",Positive
System message: there are 24 hours in a standard solar day.,Neutral
Frustrated: misleading advertisements and hidden fees everywhere.,Negative
Everything was delivered in perfect condition ahead of schedule.,Positive
The battery is currently charged to 65 percent.,Neutral
Notice: the server is operating within normal temperature parameters.,Neutral
I cannot believe poorly engineered and dangerous to use around children.,Negative
"Update: the car has driven 45,000 miles since manufacture.",Neutral
"Review update: fantastic atmosphere, friendly staff, and mouthwatering desserts.",Positive
I cannot believe never felt so disrespected by a company's representative.,Negative
Note that water boils at 100 degrees celsius under standard atmospheric pressure.,Neutral
Review update: i adore how sleek and modern this looks on my desk.,Positive
Fed up: the screen flickers uncontrollably and hurts my eyes.,Negative
I cannot believe completely useless feature that only adds unnecessary confusion.,Negative
Status log: the store is open from monday to saturday from 9 am to 8 pm.,Neutral
Update: this document outlines the standard operating procedures.,Neutral
Can confirm that so happy with my results today! hard work pays off 🚀,Positive
"Honestly, splendid craftsmanship and premium feel in the hand.",Positive
"I have to say, this product is absolutely incredible, works like magic!",Positive
"Wow, brilliant innovation that solves a real everyday problem.",Positive
"I have to say, the customer service was outstanding and extremely helpful.",Positive
"Without a doubt, i am so grateful for all the support and kindness today.",Positive
Note that the package weighs approximately 1.5 kilograms.,Neutral
"Schedule update: the car has driven 45,000 miles since manufacture.",Neutral
"Review warning: the controls are clunky, laggy, and unresponsive.",Negative
"FYI, all visitors are required to sign in at the front reception.",Neutral
Just wanted to post that five stars! exceeded all my expectations.,Positive
"Wow, the new features in this update are so smooth and handy.",Positive
"Just wanted to post that delicious food and exceptional ambiance, 10/10!",Positive
"I have to say, smooth transactions and instant confirmation, perfect service.",Positive
Fact: the book contains twelve chapters and an index.,Neutral
"Clean, intuitive design and super responsive user interface.",Positive
Just wanted to post that the plot twist at the end blew my mind! absolutely genius.,Positive
So true: beautiful sunset view from my balcony this evening 🌅,Positive
Update: the package weighs approximately 1.5 kilograms.,Neutral
I am so annoyed that boring lecture with an unengaging and monotone speaker.,Negative
Just wanted to post that exceptionally well-written code and spotless documentation.,Positive
Terrible: i feel terrible and exhausted after that frustrating meeting.,Negative
"Frustrated: the fabric feels rough, itchy, and shrank in the first wash.",Negative
System message: there are 24 hours in a standard solar day.,Neutral
Schedule update: press the power button once to turn the device on or off.,Neutral
Amazing: the customer service was outstanding and extremely helpful.,Positive
"Review warning: total scam, the item looks nothing like the picture online.",Negative
"Honestly, impressive turnaround time and very courteous support agent.",Positive
System message: the video has a runtime of 45 minutes and 30 seconds.,Neutral
"Just wanted to post that super helpful tutorial, explained complex topics with such ease.",Positive
Review warning: terrible delay at the airport with zero information provided.,Negative
Frustrated: cancelled my flight without prior notice or compensation.,Negative
The new features in this update are so smooth and handy.,Positive
Terrible: the wifi is completely down again for the third time this week.,Negative
Notice: the package includes a user manual and a warranty card.,Neutral
Terrible: subscribed by mistake and they refuse to issue a refund.,Negative
"Wow, what a thrilling win for our team in the championship finals!",Positive
Avoid this: poorly engineered and dangerous to use around children.,Negative
My heart is full of gratitude and happiness today ❤️,Positive
Update: this is an automated notification regarding your recent order.,Neutral
Status log: the book contains twelve chapters and an index.,Neutral
Can confirm that feeling blessed and excited for what tomorrow holds.,Positive
Super glad that five stars! exceeded all my expectations.,Positive
"Without a doubt, this product is absolutely incredible, works like magic!",Positive
Official statement: the report was compiled using data from the previous quarter.,Neutral
Fed up: terrible delay at the airport with zero information provided.,Negative
Official statement: the experiment was conducted under controlled laboratory conditions.,Neutral
Just wanted to post that exceptionally well-written code and spotless documentation.,Positive
"Honestly, phenomenal sound quality with crystal clear treble and deep bass.",Positive
"Without a doubt, i am so grateful for all the support and kindness today.",Positive
Note that software version 2.4.1 was released earlier this morning.,Neutral
Terrible: don't waste your time or hard earned money on this junk.,Negative
"Super glad that fantastic atmosphere, friendly staff, and mouthwatering desserts.",Positive
Note that the bus stops at main street every fifteen minutes.,Neutral
Official statement: the package arrived today at 3:00 pm.,Neutral
Notice: the speed limit on this section of the highway is 60 mph.,Neutral
I cannot believe this product is terrible. complete waste of money!,Negative
Review update: kudos to the entire development team for this wonderful update.,Positive
"I am so annoyed that horrible experience, i will never buy from this seller again.",Negative
Notice: the printer is connected to the local wireless network.,Neutral
"Frustrated: the story was depressing, incoherent, and pointless.",Negative
Status log: the file size is 250 megabytes.,Neutral
System message: the battery is currently charged to 65 percent.,Neutral
"Wow, the battery life on this phone is truly unbelievable.",Positive
"Wow, had a wonderful time with friends today, blessed! 😊",Positive
Notice: the file size is 250 megabytes.,Neutral
"Frustrated: buggy, laggy, and completely unoptimized software.",Negative
"I cannot believe total scam, the item looks nothing like the picture online.",Negative
Warning: empty promises and deceptive marketing practices.,Negative
Review warning: this product is terrible. complete waste of money!,Negative
Official statement: the museum is located near the central railway station.,Neutral
The train leaves platform 4 at 14:30.,Neutral
Terrible: so angry about this sudden unjust price increase.,Negative
I cannot believe disgusted by the poor hygiene standards at this venue.,Negative
Schedule update: the printer is connected to the local wireless network.,Neutral
Note that the parcel was deposited in your mailbox.,Neutral
Warning: disgusted by the poor hygiene standards at this venue.,Negative
The movie was so boring and predictable. Huge letdown.,Negative
"Super glad that this product is absolutely incredible, works like magic!",Positive
Notice: the train leaves platform 4 at 14:30.,Neutral
I cannot believe disgusted by the poor hygiene standards at this venue.,Negative
Disappointed: extremely slow delivery and package arrived badly crushed.,Negative
"I have to say, super helpful tutorial, explained complex topics with such ease.",Positive
Review warning: received the wrong size and seller is ignoring all my emails.,Negative
"Review warning: horrible experience, i will never buy from this seller again.",Negative
Super fast shipping and top notch quality packaging.,Positive
Status log: water boils at 100 degrees celsius under standard atmospheric pressure.,Neutral
Fact: the parcel was deposited in your mailbox.,Neutral
"Wow, kudos to the entire development team for this wonderful update.",Positive
"Just wanted to post that had a wonderful time with friends today, blessed! 😊",Positive
Official statement: the train leaves platform 4 at 14:30.,Neutral
Note that the battery is currently charged to 65 percent.,Neutral
System message: the server is operating within normal temperature parameters.,Neutral
So true: i adore how sleek and modern this looks on my desk.,Positive
Official statement: the system has been updated with the latest security patches.,Neutral
Terrible: so angry about this sudden unjust price increase.,Negative
Can confirm that generous discounts and great value for money.,Positive
Just wanted to post that i cannot stop recommending this book to everyone i meet.,Positive
Can confirm that the coffee here is brewed to absolute perfection.,Positive
Just wanted to post that the camera captures breathtaking detail even in low light.,Positive
Official statement: the device connects via bluetooth 5.0 and usb type-c.,Neutral
Fact: all visitors are required to sign in at the front reception.,Neutral
Note that the package weighs approximately 1.5 kilograms.,Neutral
Terrible: unhappy with the outcome after spending so many hours.,Negative
Just wanted to post that i really enjoyed this movie. it was amazing!,Positive
Super glad that beautiful sunset view from my balcony this evening 🌅,Positive
Amazing: i adore how sleek and modern this looks on my desk.,Positive
Status log: the table dimensions are 120 cm length by 60 cm width.,Neutral
Super glad that the plot twist at the end blew my mind! absolutely genius.,Positive
Notice: the package arrived today at 3:00 pm.,Neutral
"Honestly, got promoted today! thrilled and excited for the new journey 🎉",Positive
Super glad that what a thrilling win for our team in the championship finals!,Positive
Schedule update: the report was compiled using data from the previous quarter.,Neutral
Status log: the package weighs approximately 1.5 kilograms.,Neutral
The server is operating within normal temperature parameters.,Neutral
Fed up: empty promises and deceptive marketing practices.,Negative
Frustrated: poorly engineered and dangerous to use around children.,Negative
Fact: the product contains 100% cotton and is machine washable.,Neutral
"Review warning: food was cold, stale, and smelled awful. disgusting!",Negative
Can confirm that splendid craftsmanship and premium feel in the hand.,Positive
"I cannot believe total scam, the item looks nothing like the picture online.",Negative
"Wow, beautiful sunset view from my balcony this evening 🌅",Positive
Super glad that the battery life on this phone is truly unbelievable.,Positive
"FYI, this is an automated notification regarding your recent order.",Neutral
"Super glad that super comfortable shoes, walked 10 miles without any pain.",Positive
"Sadly, the tire went flat on the highway during heavy rain.",Negative
Super glad that flawless execution and very professional handling.,Positive
"Without a doubt, super fast shipping and top notch quality packaging.",Positive
The parcel was deposited in your mailbox.,Neutral
"Honestly, this product is absolutely incredible, works like magic!",Positive
Just wanted to post that impressive turnaround time and very courteous support agent.,Positive
"Review warning: the taste was bitter, bland, and inedible. threw it away.",Negative
"Honestly, super helpful tutorial, explained complex topics with such ease.",Positive
Schedule update: the video has a runtime of 45 minutes and 30 seconds.,Neutral
Note that the video has a runtime of 45 minutes and 30 seconds.,Neutral
Fact: the article discusses historical events from the 19th century.,Neutral
Note that the parcel was deposited in your mailbox.,Neutral
Official statement: the article discusses historical events from the 19th century.,Neutral
Fact: the package arrived today at 3:00 pm.,Neutral
Press the power button once to turn the device on or off.,Neutral
"Wow, delicious food and exceptional ambiance, 10/10!",Positive
"Review warning: very disappointed with the build quality, broke within two days.",Negative
Update: the device connects via bluetooth 5.0 and usb type-c.,Neutral
Disappointed: empty promises and deceptive marketing practices.,Negative
Disappointed: boring lecture with an unengaging and monotone speaker.,Negative
I am so annoyed that the screen flickers uncontrollably and hurts my eyes.,Negative
Terrible: the movie was so boring and predictable. huge letdown.,Negative
"I have to say, warmest greetings and lots of love to everyone having a good day.",Positive
Informational: the train leaves platform 4 at 14:30.,Neutral
"I have to say, great experience from start to finish, will definitely come back!",Positive
Avoid this: the wifi is completely down again for the third time this week.,Negative
"I cannot believe defective unit right out of the box, refuses to power on.",Negative
Schedule update: there are 24 hours in a standard solar day.,Neutral
Note that please find attached the monthly financial report for review.,Neutral
Fed up: the screen flickers uncontrollably and hurts my eyes.,Negative
"Sadly, i regret buying this item, worst decision ever made.",Negative
"Without a doubt, generous discounts and great value for money.",Positive
"This product is absolutely incredible, works like magic!",Positive
The device connects via Bluetooth 5.0 and USB Type-C.,Neutral
Frustrated: subscribed by mistake and they refuse to issue a refund.,Negative
Disappointed: sad to see how downhill this restaurant has gone over time.,Negative
"Disappointed: worst customer support ever, waited two hours and got disconnected.",Negative
Status log: the experiment was conducted under controlled laboratory conditions.,Neutral
"FYI, the printer is connected to the local wireless network.",Neutral
Update: the recipe calls for two cups of flour and one teaspoon of salt.,Neutral
Disappointed: misleading advertisements and hidden fees everywhere.,Negative
"Sadly, total scam, the item looks nothing like the picture online.",Negative
Amazing: warmest greetings and lots of love to everyone having a good day.,Positive
Fed up: misplaced my luggage and nobody is taking responsibility.,Negative
Schedule update: water boils at 100 degrees celsius under standard atmospheric pressure.,Neutral
Status log: the file size is 250 megabytes.,Neutral
Review update: the concert last night was pure electric euphoria 🎸,Positive
"Sadly, the fabric feels rough, itchy, and shrank in the first wash.",Negative
"Review warning: horrible experience, i will never buy from this seller again.",Negative
Can confirm that i am so grateful for all the support and kindness today.,Positive
Fact: registration closes on friday at midnight.,Neutral
Just wanted to post that the coffee here is brewed to absolute perfection.,Positive
"Review update: super helpful tutorial, explained complex topics with such ease.",Positive
Disappointed: rude and unhelpful staff who refused to assist with my return.,Negative
Schedule update: classes will resume following the national holiday break.,Neutral
Avoid this: extremely slow delivery and package arrived badly crushed.,Negative
"Sadly, poorly engineered and dangerous to use around children.",Negative
Fed up: this product is terrible. complete waste of money!,Negative
"Wow, everything was delivered in perfect condition ahead of schedule.",Positive
Review update: feeling blessed and excited for what tomorrow holds.,Positive
"Review warning: defective unit right out of the box, refuses to power on.",Negative
Status log: the article discusses historical events from the 19th century.,Neutral
"FYI, the flight duration from new york to london is roughly 7 hours.",Neutral
"Wow, the camera captures breathtaking detail even in low light.",Positive
"I am so annoyed that buggy, laggy, and completely unoptimized software.",Negative
Avoid this: received the wrong size and seller is ignoring all my emails.,Negative
"Honestly, fantastic atmosphere, friendly staff, and mouthwatering desserts.",Positive
"Without a doubt, the camera captures breathtaking detail even in low light.",Positive
Schedule update: the temperature in the city today is 24 degrees celsius.,Neutral
Fed up: this product is terrible. complete waste of money!,Negative
I am so annoyed that i feel terrible and exhausted after that frustrating meeting.,Negative
"Without a doubt, feeling blessed and excited for what tomorrow holds.",Positive
Note that the product contains 100% cotton and is machine washable.,Neutral
"Sadly, food was cold, stale, and smelled awful. disgusting!",Negative
Status log: the server is operating within normal temperature parameters.,Neutral
"I have to say, phenomenal sound quality with crystal clear treble and deep bass.",Positive
Can confirm that very easy to install and works straight out of the box.,Positive
Can confirm that the battery life on this phone is truly unbelievable.,Positive
Review update: the customer service was outstanding and extremely helpful.,Positive
Frustrated: the wifi is completely down again for the third time this week.,Negative
"Fed up: very disappointed with the build quality, broke within two days.",Negative
Update: the parcel was deposited in your mailbox.,Neutral
"Just wanted to post that best purchase i have ever made this year, highly recommended.",Positive
"Honestly, the coffee here is brewed to absolute perfection.",Positive
"I have to say, the coffee here is brewed to absolute perfection.",Positive
Note that the device connects via bluetooth 5.0 and usb type-c.,Neutral
Fact: the next train arrives in approximately 5 minutes.,Neutral
Update: the temperature in the city today is 24 degrees celsius.,Neutral
"Review warning: the taste was bitter, bland, and inedible. threw it away.",Negative
Note that the battery is currently charged to 65 percent.,Neutral
"Disappointed: total scam, the item looks nothing like the picture online.",Negative
Warning: sad to see how downhill this restaurant has gone over time.,Negative
Terrible: received the wrong size and seller is ignoring all my emails.,Negative
Notice: the video has a runtime of 45 minutes and 30 seconds.,Neutral
I am so annoyed that high price for extremely cheap and fragile plastic.,Negative
So true: this app has transformed my daily productivity completely.,Positive
Warning: loud and obnoxious neighbors kept me awake all night.,Negative
"FYI, the next train arrives in approximately 5 minutes.",Neutral
Amazing: got promoted today! thrilled and excited for the new journey 🎉,Positive
Informational: the experiment was conducted under controlled laboratory conditions.,Neutral
Update: the train leaves platform 4 at 14:30.,Neutral
Fed up: never felt so disrespected by a company's representative.,Negative
"Without a doubt, impressive turnaround time and very courteous support agent.",Positive
Fact: the recipe calls for two cups of flour and one teaspoon of salt.,Neutral
So angry about this sudden unjust price increase.,Negative
"FYI, the new policy will take effect starting next month.",Neutral
Note that the conference will feature speakers from various tech companies.,Neutral
Fed up: lost all my unsaved work because the software froze completely.,Negative
Status log: the restaurant serves both vegetarian and non-vegetarian options.,Neutral
System message: the conference will feature speakers from various tech companies.,Neutral
"Sadly, subscribed by mistake and they refuse to issue a refund.",Negative
I cannot believe lost all my unsaved work because the software froze completely.,Negative
Official statement: all visitors are required to sign in at the front reception.,Neutral
Informational: the file size is 250 megabytes.,Neutral
"Review warning: terrible acting, cheesy dialogues, and horrible cgi.",Negative
System message: the elevator is undergoing scheduled maintenance today.,Neutral
"Disappointed: horrible experience, i will never buy from this seller again.",Negative
Fed up: completely useless feature that only adds unnecessary confusion.,Negative
Super glad that so proud of my sister for graduating with honors! 🎓,Positive
"FYI, the new policy will take effect starting next month.",Neutral
I am so annoyed that the tire went flat on the highway during heavy rain.,Negative
"So true: clean, intuitive design and super responsive user interface.",Positive
"Without a doubt, super fast shipping and top notch quality packaging.",Positive
Just wanted to post that generous discounts and great value for money.,Positive
Informational: the speed limit on this section of the highway is 60 mph.,Neutral
"Honestly, the graphics in this game are stunning and immersive.",Positive
"Without a doubt, so proud of my sister for graduating with honors! 🎓",Positive
"Without a doubt, feeling energetic and ready to conquer the week ahead ✨",Positive
Official statement: the device connects via bluetooth 5.0 and usb type-c.,Neutral
Avoid this: misleading advertisements and hidden fees everywhere.,Negative
Disappointed: so frustrated with the constant server outages today 😡,Negative
Schedule update: the lecture covers fundamental concepts of linear algebra.,Neutral
I am so annoyed that such a sad and heartbreaking situation unfolding today.,Negative
Subscribed by mistake and they refuse to issue a refund.,Negative
"Avoid this: food was cold, stale, and smelled awful. disgusting!",Negative
Schedule update: the meeting has been rescheduled for next tuesday at 10 am.,Neutral
I cannot believe the tire went flat on the highway during heavy rain.,Negative
Schedule update: the temperature in the city today is 24 degrees celsius.,Neutral
"Terrible: very disappointed with the build quality, broke within two days.",Negative
So true: phenomenal sound quality with crystal clear treble and deep bass.,Positive
"Without a doubt, so happy with my results today! hard work pays off 🚀",Positive
Super glad that very easy to install and works straight out of the box.,Positive
"Without a doubt, very easy to install and works straight out of the box.",Positive
Terrible: this product is terrible. complete waste of money!,Negative
All visitors are required to sign in at the front reception.,Neutral
"I have to say, this product is absolutely incredible, works like magic!",Positive
I adore how sleek and modern this looks on my desk.,Positive
Notice: the report was compiled using data from the previous quarter.,Neutral
Frustrated: never felt so disrespected by a company's representative.,Negative
Can confirm that the battery life on this phone is truly unbelievable.,Positive
Status log: the server is operating within normal temperature parameters.,Neutral
Warning: my account got locked for no reason and zero support available.,Negative
Schedule update: the elevator is undergoing scheduled maintenance today.,Neutral
"Status log: the car has driven 45,000 miles since manufacture.",Neutral
"Wow, feeling blessed and excited for what tomorrow holds.",Positive
Terrible: misplaced my luggage and nobody is taking responsibility.,Negative
System message: the restaurant serves both vegetarian and non-vegetarian options.,Neutral
Review update: beautiful sunset view from my balcony this evening 🌅,Positive
Schedule update: the device connects via bluetooth 5.0 and usb type-c.,Neutral
"Review update: super comfortable shoes, walked 10 miles without any pain.",Positive
Official statement: the book contains twelve chapters and an index.,Neutral
"Wow, super helpful tutorial, explained complex topics with such ease.",Positive
Notice: the product contains 100% cotton and is machine washable.,Neutral
Amazing: everything was delivered in perfect condition ahead of schedule.,Positive
Avoid this: so frustrated with the constant server outages today 😡,Negative
Lost all my unsaved work because the software froze completely.,Negative
"Such an inspiring and heartwarming story, touched my soul.",Positive
System message: the system has been updated with the latest security patches.,Neutral
"Honestly, such an inspiring and heartwarming story, touched my soul.",Positive
"Wow, the graphics in this game are stunning and immersive.",Positive
I cannot believe poorly engineered and dangerous to use around children.,Negative
Review update: my heart is full of gratitude and happiness today ❤️,Positive
"Honestly, the battery life on this phone is truly unbelievable.",Positive
Review warning: sad to see how downhill this restaurant has gone over time.,Negative
"Wow, generous discounts and great value for money.",Positive
Just wanted to post that the new features in this update are so smooth and handy.,Positive
System message: the speed limit on this section of the highway is 60 mph.,Neutral
"Honestly, my heart is full of gratitude and happiness today ❤️",Positive
"FYI, press the power button once to turn the device on or off.",Neutral
Fact: there are 24 hours in a standard solar day.,Neutral
I am so annoyed that subscribed by mistake and they refuse to issue a refund.,Negative
Informational: the book contains twelve chapters and an index.,Neutral
Fed up: cancelled my flight without prior notice or compensation.,Negative
Update: this document outlines the standard operating procedures.,Neutral
Avoid this: cancelled my flight without prior notice or compensation.,Negative
Official statement: the package arrived today at 3:00 pm.,Neutral
Informational: the survey consists of ten multiple-choice questions.,Neutral
"I have to say, loved the cinematography and soundtrack of the film. a masterpiece!",Positive
System message: the server is operating within normal temperature parameters.,Neutral
I cannot believe don't waste your time or hard earned money on this junk.,Negative
Official statement: there are 24 hours in a standard solar day.,Neutral
Avoid this: so angry about this sudden unjust price increase.,Negative
"Avoid this: worst customer support ever, waited two hours and got disconnected.",Negative
"Without a doubt, great experience from start to finish, will definitely come back!",Positive
"Sadly, poorly engineered and dangerous to use around children.",Negative
"FYI, the article discusses historical events from the 19th century.",Neutral
Fact: the meeting has been rescheduled for next tuesday at 10 am.,Neutral
"FYI, the product contains 100% cotton and is machine washable.",Neutral
So true: i really enjoyed this movie. it was amazing!,Positive
So true: the coffee here is brewed to absolute perfection.,Positive
Note that the book contains twelve chapters and an index.,Neutral
Warning: poorly engineered and dangerous to use around children.,Negative
Update: the bus stops at main street every fifteen minutes.,Neutral
Frustrated: rude and unhelpful staff who refused to assist with my return.,Negative
Schedule update: the package weighs approximately 1.5 kilograms.,Neutral
Fact: the lecture covers fundamental concepts of linear algebra.,Neutral
"Terrible: terrible battery drain, drops from 100% to 20% in two hours.",Negative
Fed up: empty promises and deceptive marketing practices.,Negative
"Terrible: food was cold, stale, and smelled awful. disgusting!",Negative
Avoid this: the app keeps crashing constantly after the latest buggy update.,Negative
Impressive turnaround time and very courteous support agent.,Positive
"Without a doubt, such a joyful celebration with the whole family!",Positive
I am so annoyed that i feel terrible and exhausted after that frustrating meeting.,Negative
Schedule update: the meeting has been rescheduled for next tuesday at 10 am.,Neutral
"FYI, the speed limit on this section of the highway is 60 mph.",Neutral
Official statement: the new policy will take effect starting next month.,Neutral
"Wow, i adore how sleek and modern this looks on my desk.",Positive
Misplaced my luggage and nobody is taking responsibility.,Negative
"Wow, the battery life on this phone is truly unbelievable.",Positive
Informational: the meeting room is booked for the marketing presentation.,Neutral
Notice: water boils at 100 degrees celsius under standard atmospheric pressure.,Neutral
"Without a doubt, five stars! exceeded all my expectations.",Positive
"I have to say, the new features in this update are so smooth and handy.",Positive
Review warning: misplaced my luggage and nobody is taking responsibility.,Negative
The battery life on this phone is truly unbelievable.,Positive
"So true: brilliant performance by the lead actors, standing ovation!",Positive
Just wanted to post that i really enjoyed this movie. it was amazing!,Positive
I cannot believe terrible delay at the airport with zero information provided.,Negative
Warning: the tire went flat on the highway during heavy rain.,Negative
"Honestly, clean, intuitive design and super responsive user interface.",Positive
Warning: loud and obnoxious neighbors kept me awake all night.,Negative
The concert last night was pure electric euphoria 🎸,Positive
"I have to say, brilliant innovation that solves a real everyday problem.",Positive
So true: the graphics in this game are stunning and immersive.,Positive
Super glad that super fast shipping and top notch quality packaging.,Positive
"FYI, please find attached the monthly financial report for review.",Neutral
So true: got promoted today! thrilled and excited for the new journey 🎉,Positive
"Terrible: the taste was bitter, bland, and inedible. threw it away.",Negative
"Review warning: the controls are clunky, laggy, and unresponsive.",Negative
I am so annoyed that loud and obnoxious neighbors kept me awake all night.,Negative
Schedule update: the device connects via bluetooth 5.0 and usb type-c.,Neutral
Note that the meeting has been rescheduled for next tuesday at 10 am.,Neutral
"Avoid this: the fabric feels rough, itchy, and shrank in the first wash.",Negative
Frustrated: extremely slow delivery and package arrived badly crushed.,Negative
Just wanted to post that exceptionally well-written code and spotless documentation.,Positive
"Without a doubt, so happy with my results today! hard work pays off 🚀",Positive
Fed up: cancelled my flight without prior notice or compensation.,Negative
I cannot believe deeply upset and let down by how things were handled.,Negative
Schedule update: this is an automated notification regarding your recent order.,Neutral
Disappointed: the app keeps crashing constantly after the latest buggy update.,Negative
Disappointed: misleading advertisements and hidden fees everywhere.,Negative
Super glad that the camera captures breathtaking detail even in low light.,Positive
Just wanted to post that flawless execution and very professional handling.,Positive
"Fed up: defective unit right out of the box, refuses to power on.",Negative
Schedule update: the temperature in the city today is 24 degrees celsius.,Neutral
Update: the meeting room is booked for the marketing presentation.,Neutral
Informational: the product contains 100% cotton and is machine washable.,Neutral
Phenomenal sound quality with crystal clear treble and deep bass.,Positive
Informational: the package includes a user manual and a warranty card.,Neutral
Review update: this app has transformed my daily productivity completely.,Positive
Informational: all visitors are required to sign in at the front reception.,Neutral
"Notice: the document is available in pdf, docx, and txt formats.",Neutral
I cannot believe the app keeps crashing constantly after the latest buggy update.,Negative
"Can confirm that brilliant performance by the lead actors, standing ovation!",Positive
Avoid this: empty promises and deceptive marketing practices.,Negative
I cannot believe the app keeps crashing constantly after the latest buggy update.,Negative
Warning: terrible delay at the airport with zero information provided.,Negative
"So true: brilliant performance by the lead actors, standing ovation!",Positive
"So true: smooth transactions and instant confirmation, perfect service.",Positive
"Without a doubt, five stars! exceeded all my expectations.",Positive
Official statement: the table dimensions are 120 cm length by 60 cm width.,Neutral
Super glad that the plot twist at the end blew my mind! absolutely genius.,Positive
The system has been updated with the latest security patches.,Neutral
So true: my heart is full of gratitude and happiness today ❤️,Positive
Note that the package weighs approximately 1.5 kilograms.,Neutral
"Sadly, extremely painful headache and feeling sick all afternoon.",Negative
Super glad that brilliant innovation that solves a real everyday problem.,Positive
Terrible delay at the airport with zero information provided.,Negative
Notice: the table dimensions are 120 cm length by 60 cm width.,Neutral
Can confirm that splendid craftsmanship and premium feel in the hand.,Positive
Review update: what a thrilling win for our team in the championship finals!,Positive
"Amazing: clean, intuitive design and super responsive user interface.",Positive
The package weighs approximately 1.5 kilograms.,Neutral
Update: the elevator is undergoing scheduled maintenance today.,Neutral
Update: the next train arrives in approximately 5 minutes.,Neutral
Warning: high price for extremely cheap and fragile plastic.,Negative
"Without a doubt, the coffee here is brewed to absolute perfection.",Positive
I cannot believe never felt so disrespected by a company's representative.,Negative
Disappointed: horrific customer journey with confusing and broken links.,Negative
Fact: users can reset their password by visiting the settings tab.,Neutral
Notice: the flight duration from new york to london is roughly 7 hours.,Neutral
I cannot believe the wifi is completely down again for the third time this week.,Negative
